park,age,group_size,weekend,temperature,rain_mm,hotel_guest,lightning_lanes,spending,wait_time,satisfaction,will_return,favorite_land,rides,snacks
Animal Kingdom,38,4,1,94,6.7,0,0,139.83,42,0.73,1,Tomorrow,3,11
Hollywood Studios,15,2,0,100,4.9,0,2,68.13,24,0.61,0,Tomorrow,4,52
Magic Kingdom,25,2,0,80,6.9,0,5,93.24,30,0.79,0,Tomorrow,12,19
EPCOT,27,5,0,97,11.9,1,3,245.56,40,0.78,0,Main Street,3,35
Hollywood Studios,24,2,0,96,6,1,2,190.35,18,0.78,1,Liberty Square,10,21
Animal Kingdom,45,2,1,90,7.3,0,1,248.97,20,0.82,1,Main Street,2,18
Hollywood Studios,59,6,1,85,5.1,0,1,201.38,14,0.63,1,Frontier,5,43
Hollywood Studios,15,7,0,79,0.8,0,0,197.41,11,0.81,1,Liberty Square,5,44
EPCOT,30,6,1,85,1.2,1,1,145.56,109,0.55,1,Frontier,10,9
Magic Kingdom,53,2,1,78,0.2,0,2,211.72,34,0.84,0,Main Street,4,23
EPCOT,19,6,1,93,4.7,1,1,276.99,66,0.64,1,Liberty Square,9,25
Magic Kingdom,30,4,0,87,1.2,1,4,234.21,45,0.84,1,Adventure,27,16
Animal Kingdom,12,1,0,76,1.6,0,1,100.84,17,0.63,1,Frontier,4,28
Hollywood Studios,9,4,0,83,8.4,1,3,243.74,23,0.59,1,Frontier,4,6
Magic Kingdom,59,6,1,78,17.1,0,3,241.56,75,0.29,0,Frontier,3,25
Hollywood Studios,38,3,1,104,5.4,0,3,218.59,45,0.59,1,Adventure,13,24
Hollywood Studios,8,3,0,95,7.2,0,1,237.55,27,0.84,1,Tomorrow,2,23
Magic Kingdom,40,2,0,82,7,0,2,196.13,25,0.69,0,Frontier,8,1
Animal Kingdom,24,7,1,92,5.7,0,1,281.24,43,0.7,1,Frontier,3,1
Magic Kingdom,26,2,0,93,2.3,1,4,238.04,39,0.79,1,Liberty Square,22,21
Hollywood Studios,5,3,0,99,2.6,1,5,172.55,12,0.75,0,Adventure,19,36
Animal Kingdom,48,4,0,85,3.4,1,6,241.5,15,0.84,1,Adventure,25,25
EPCOT,15,6,0,90,2.5,1,1,276.63,76,0.62,1,Frontier,3,40
Hollywood Studios,20,4,0,87,0.7,0,0,178.55,48,0.63,1,Frontier,3,61
Hollywood Studios,37,2,1,76,3.3,1,4,186.1,31,0.74,1,Frontier,17,4
EPCOT,28,1,1,87,2.2,0,3,162.46,17,0.93,1,Adventure,7,15
Magic Kingdom,53,3,1,89,2.1,0,1,148.56,72,0.7,0,Liberty Square,6,3
Magic Kingdom,62,1,1,84,7.1,0,1,223.98,9,0.63,0,Frontier,6,6
EPCOT,6,1,1,94,10.5,0,0,94.21,39,0.77,0,Tomorrow,5,2
Hollywood Studios,33,3,0,91,5.2,0,1,165.95,25,0.62,1,Adventure,2,23
Magic Kingdom,18,2,0,73,0.9,0,4,46.63,19,0.92,1,Frontier,12,9
EPCOT,23,2,0,85,1.7,1,3,177.04,30,0.78,1,Tomorrow,13,0
Magic Kingdom,28,2,1,72,6.6,1,4,207.86,38,0.74,1,Frontier,4,0
Hollywood Studios,52,3,1,85,1.7,1,3,230.04,75,0.76,1,Frontier,14,9
Animal Kingdom,42,5,0,84,0.6,1,1,192.49,67,0.53,1,Adventure,5,7
Magic Kingdom,17,4,0,86,3.5,1,0,285.19,41,0.74,1,Main Street,5,35
Hollywood Studios,46,5,0,81,2.8,1,5,210.19,42,0.73,1,Frontier,15,28
Magic Kingdom,62,1,0,90,4.6,0,1,106.23,18,0.67,1,Main Street,5,19
Hollywood Studios,23,5,1,80,6,0,5,90.05,27,0.82,1,Tomorrow,9,8
Magic Kingdom,30,1,1,88,4,1,3,271.65,35,0.82,1,Liberty Square,10,7
Magic Kingdom,39,2,1,86,4.6,1,4,227.05,35,0.57,1,Adventure,19,20
EPCOT,21,3,1,87,1.3,0,4,283.15,35,0.56,0,Main Street,14,36
Magic Kingdom,24,3,1,92,7.5,0,3,78.73,49,0.38,0,Liberty Square,7,1
EPCOT,10,4,0,88,0.6,1,1,233.07,39,0.55,1,Frontier,9,35
EPCOT,34,2,0,75,0.4,0,3,251.44,24,0.74,1,Frontier,10,6
Magic Kingdom,19,4,0,98,2.8,1,4,176.76,45,0.8,1,Frontier,18,1
Magic Kingdom,38,3,1,88,8.6,1,3,268.81,36,0.66,1,Adventure,7,8
Magic Kingdom,51,2,0,92,0.8,1,6,230.12,22,0.87,1,Frontier,37,11
Hollywood Studios,31,5,0,90,9.8,0,4,227.69,47,0.54,0,Main Street,8,14
EPCOT,23,1,1,93,2,1,7,138.18,17,0.83,1,Adventure,46,1
Magic Kingdom,37,3,0,83,3.9,0,0,202.07,23,0.72,0,Adventure,3,8
EPCOT,44,3,1,80,2.7,1,3,207.42,41,0.64,1,Main Street,19,3
Animal Kingdom,25,4,1,91,2.9,0,4,210.93,31,0.83,1,Fantasy,14,2
Hollywood Studios,36,4,0,94,4.2,1,3,262.1,46,0.79,1,Frontier,8,20
Hollywood Studios,31,3,0,93,0.6,0,3,261.01,43,0.82,1,Fantasy,11,6
Hollywood Studios,23,3,1,74,12.2,1,2,123.18,42,0.64,1,Main Street,2,15
Animal Kingdom,58,1,0,89,3.5,0,1,64.68,18,0.74,1,Fantasy,3,3
Animal Kingdom,44,3,0,84,4.1,1,1,266.55,15,0.49,0,Liberty Square,1,1
Magic Kingdom,41,3,0,81,17.9,0,2,163.64,36,0.64,1,Frontier,2,40
Animal Kingdom,45,4,0,84,6.5,1,5,202.39,33,0.7,1,Frontier,11,1
Animal Kingdom,28,4,1,96,3.9,1,2,115.7,51,0.65,0,Main Street,3,1
Magic Kingdom,52,5,0,86,0.7,1,2,308.28,36,0.84,1,Frontier,13,87
EPCOT,54,2,0,79,0.7,1,2,282.66,46,0.7,1,Main Street,11,18
EPCOT,56,1,1,91,4.8,1,3,224.38,45,0.79,0,Main Street,13,2
Hollywood Studios,37,3,0,81,5.1,1,2,228.87,13,0.57,1,Liberty Square,5,28
Magic Kingdom,31,3,1,80,3,1,1,219.44,42,0.78,1,Adventure,7,34
Magic Kingdom,24,1,0,82,6.9,0,4,147.6,20,0.62,1,Liberty Square,4,8
Hollywood Studios,40,3,1,76,2.7,0,1,170.02,21,0.62,1,Tomorrow,3,14
Hollywood Studios,16,2,1,96,3.2,1,3,101.9,31,0.66,1,Main Street,12,27
EPCOT,32,3,1,85,5.7,0,3,245.39,29,0.64,1,Fantasy,7,12
Magic Kingdom,48,2,1,97,2,1,3,210.25,36,0.76,1,Adventure,9,22
EPCOT,20,1,0,93,2.5,1,5,150.37,24,0.74,0,Main Street,20,7
EPCOT,44,5,1,100,4.3,1,2,242.56,30,0.76,1,Fantasy,2,25
EPCOT,74,2,1,83,2,1,6,202.28,32,0.89,1,Main Street,26,1
Magic Kingdom,50,5,0,88,4.5,1,4,232.01,26,0.96,1,Frontier,6,60
Animal Kingdom,42,2,0,92,8.6,1,4,123.25,33,0.8,1,Adventure,11,9
Magic Kingdom,52,4,0,83,2.7,1,3,147.99,54,0.84,1,Liberty Square,9,5
Hollywood Studios,24,2,0,97,1.9,0,0,27.88,30,0.68,1,Liberty Square,3,30
Hollywood Studios,61,3,1,87,1,1,1,280.1,39,0.8,1,Fantasy,16,4
EPCOT,29,2,0,83,1.2,1,3,231.43,19,0.94,1,Main Street,13,16
EPCOT,18,2,0,90,7.7,0,3,122.39,20,0.75,1,Liberty Square,4,2
Magic Kingdom,26,3,0,82,1.7,0,1,190.5,39,0.67,0,Tomorrow,5,35
Hollywood Studios,45,7,1,95,1.7,1,2,140.21,48,0.59,1,Main Street,15,46
Magic Kingdom,34,3,1,88,0.4,1,3,178.6,18,0.76,0,Frontier,13,19
Animal Kingdom,35,3,1,83,1.7,1,3,184.59,16,0.89,1,Fantasy,10,16
Animal Kingdom,43,7,0,91,1.4,0,3,234.79,18,0.77,1,Frontier,11,108
Hollywood Studios,47,5,0,97,4.5,0,2,227.89,36,0.76,1,Frontier,8,12
Magic Kingdom,53,5,0,93,19.7,1,1,280.7,73,0.3,0,Main Street,0,19
Magic Kingdom,65,2,0,89,3.2,0,1,218.89,16,0.78,1,Adventure,7,6
EPCOT,38,1,0,83,6.6,1,1,276.71,18,0.81,0,Frontier,5,4
Magic Kingdom,23,2,0,94,2.6,1,2,245.06,61,0.6,1,Adventure,9,13
Magic Kingdom,39,1,1,92,6.1,1,4,131.45,39,0.82,0,Main Street,8,17
Animal Kingdom,5,2,0,89,10.9,0,2,126.24,14,0.67,1,Main Street,1,55
EPCOT,30,3,0,99,1.8,1,2,122.2,55,0.58,1,Fantasy,10,2
EPCOT,49,1,1,80,2.2,0,1,186.25,47,0.68,1,Liberty Square,7,12
Magic Kingdom,12,2,1,92,1.6,0,0,184.28,38,0.77,1,Liberty Square,4,31
Magic Kingdom,68,5,1,83,4.2,0,4,183.98,31,0.79,1,Main Street,8,25
Magic Kingdom,63,3,0,79,3.6,1,2,216.76,43,0.51,0,Main Street,4,6
Animal Kingdom,53,4,0,91,0.6,0,3,149.51,35,0.76,1,Main Street,13,42
EPCOT,42,3,0,104,2.4,0,2,133.89,62,0.51,0,Liberty Square,7,11
Magic Kingdom,10,2,0,96,5.7,1,3,147.65,31,0.8,1,Frontier,11,11
Magic Kingdom,34,7,0,99,3.6,0,2,319.87,64,0.62,0,Frontier,5,43
Animal Kingdom,27,2,1,87,3.2,0,1,159.12,19,0.65,1,Frontier,5,51
Animal Kingdom,51,2,0,81,5.4,1,1,235.59,13,0.67,1,Fantasy,3,4
EPCOT,24,3,0,78,2.5,1,3,179.75,40,0.65,1,Frontier,17,15
Hollywood Studios,5,3,1,80,1.1,1,3,111.5,30,0.75,1,Adventure,12,28
Magic Kingdom,26,3,1,96,2.5,1,3,175.02,46,0.87,1,Liberty Square,22,1
EPCOT,58,1,0,77,2.6,0,3,140.81,22,0.74,1,Tomorrow,9,8
Animal Kingdom,28,1,0,88,1.4,1,2,111.79,32,0.67,0,Adventure,8,3
EPCOT,38,2,0,86,0.5,0,2,148.41,23,0.85,1,Main Street,15,15
Hollywood Studios,13,2,1,84,4.3,0,1,231.99,23,0.67,1,Main Street,7,23
EPCOT,50,4,0,86,1.9,1,5,181.64,56,0.79,0,Frontier,30,1
Animal Kingdom,24,3,1,86,0.3,1,1,235.52,41,0.86,1,Adventure,10,0
Magic Kingdom,13,5,0,82,3.5,1,2,237.49,43,0.53,1,Adventure,10,3
Animal Kingdom,40,3,1,101,2.2,1,3,182.61,13,0.9,1,Adventure,8,78
EPCOT,57,1,1,101,0.7,1,1,164.36,45,0.88,0,Frontier,12,26
Animal Kingdom,25,3,0,90,13.5,0,1,167.5,13,0.46,0,Frontier,3,30
Magic Kingdom,45,2,0,91,0.8,1,2,165.32,54,0.79,1,Fantasy,10,24
Magic Kingdom,26,3,0,95,2.6,0,6,230.82,80,0.7,1,Adventure,25,8
Magic Kingdom,19,1,0,87,9.8,0,3,67.69,30,0.68,1,Tomorrow,7,10
Magic Kingdom,31,2,0,84,0.9,0,5,205.75,25,0.8,1,Tomorrow,14,9
EPCOT,12,2,1,94,2.4,0,2,223.59,33,0.59,0,Fantasy,6,0
Animal Kingdom,46,1,0,84,13.8,0,2,151.71,11,0.66,0,Adventure,2,7
Hollywood Studios,41,3,0,91,1.4,0,0,139.69,24,0.7,1,Frontier,7,15
EPCOT,37,1,1,90,1,1,4,165.84,54,0.67,1,Adventure,16,22
EPCOT,48,2,1,85,5.5,1,3,306.83,29,0.74,0,Liberty Square,9,32
Hollywood Studios,46,1,0,85,2.1,1,3,179.37,9,0.94,1,Frontier,12,7
Magic Kingdom,60,6,0,83,3.6,0,4,260.91,15,0.67,1,Liberty Square,14,0
Magic Kingdom,30,2,1,79,4.1,1,5,150.05,39,0.75,1,Tomorrow,17,35
Magic Kingdom,33,2,0,102,3.9,0,1,185.22,29,0.68,1,Adventure,3,32
Hollywood Studios,36,4,1,88,0.7,0,1,250.99,35,0.84,1,Liberty Square,12,26
Hollywood Studios,58,4,0,90,1,0,2,120.85,12,0.75,1,Liberty Square,10,66
Animal Kingdom,47,4,0,74,4.5,0,1,107.52,16,0.73,1,Frontier,2,65
EPCOT,39,6,0,100,1,0,0,213.5,61,0.49,1,Frontier,7,91
Animal Kingdom,36,2,1,92,2.1,1,3,161.17,39,0.68,0,Adventure,5,3
Hollywood Studios,23,6,0,93,2.4,0,2,128.84,50,0.71,1,Frontier,3,90
Animal Kingdom,36,6,0,95,2.6,0,4,160.65,27,0.65,1,Frontier,4,35
Animal Kingdom,28,3,0,101,2.4,0,0,222.91,25,0.73,0,Fantasy,3,22
Magic Kingdom,39,3,0,86,5.2,1,4,98.99,43,0.68,1,Main Street,17,39
Hollywood Studios,27,5,0,94,1.7,1,3,240.62,34,0.68,1,Frontier,12,5
Hollywood Studios,29,2,0,82,2.9,1,1,266.26,14,0.86,1,Main Street,4,2
Animal Kingdom,22,5,0,85,3.2,1,3,147.47,40,0.79,1,Adventure,7,36
EPCOT,47,5,1,77,2.2,1,4,305.34,27,0.71,1,Fantasy,18,45
Magic Kingdom,33,2,0,85,18,1,2,154.08,28,0.42,1,Frontier,0,17
Magic Kingdom,44,3,0,108,1.7,1,4,218.75,56,0.79,1,Adventure,13,19
Hollywood Studios,19,5,1,99,1.8,0,2,171.2,72,0.57,1,Main Street,8,34
EPCOT,35,3,0,98,3.5,1,5,124.2,109,0.53,0,Adventure,17,44
EPCOT,57,3,0,87,0.3,0,0,170.79,58,0.62,1,Main Street,4,36
EPCOT,63,3,0,98,2.3,0,1,114.38,34,0.61,1,Adventure,4,21
Animal Kingdom,24,3,1,84,6,0,2,166.03,14,0.79,0,Adventure,1,29
Animal Kingdom,43,2,0,72,1.9,0,0,176.29,10,0.86,1,Frontier,1,3
Animal Kingdom,5,1,1,87,13.7,0,2,15.87,24,0.56,0,Tomorrow,4,0
Magic Kingdom,27,1,1,85,0.2,1,3,196.03,40,0.93,1,Frontier,7,1
Magic Kingdom,26,4,1,94,1,1,1,224.21,16,0.78,1,Fantasy,11,35
EPCOT,49,3,0,84,0.7,0,2,97.24,37,0.84,1,Main Street,16,11
EPCOT,57,3,0,79,1,0,4,180.49,33,0.86,1,Fantasy,22,2
Magic Kingdom,17,3,1,85,2.2,1,5,278.59,29,0.47,1,Adventure,24,11
Animal Kingdom,10,6,1,90,3.2,1,2,228.99,44,0.55,1,Adventure,10,26
Magic Kingdom,33,2,0,81,11.5,1,5,172.96,20,0.82,1,Tomorrow,5,8
Animal Kingdom,32,7,1,87,4.6,1,2,195.7,86,0.57,1,Frontier,6,75
Hollywood Studios,15,1,1,96,3.6,0,2,133.41,16,0.85,1,Fantasy,9,15
EPCOT,48,3,0,85,2.1,0,2,168.53,42,0.75,1,Liberty Square,16,6
EPCOT,21,1,0,86,4.6,0,1,128.04,28,0.62,1,Frontier,4,8
Hollywood Studios,30,2,0,82,4.3,1,1,185.78,11,0.49,1,Liberty Square,10,2
Magic Kingdom,16,3,1,102,2.2,0,3,299.52,110,0.66,1,Frontier,11,4
EPCOT,15,5,0,90,3.9,0,3,127.73,14,0.69,1,Liberty Square,7,37
Magic Kingdom,22,2,0,79,2.1,1,4,238.46,21,0.87,1,Fantasy,14,8
Hollywood Studios,34,3,0,82,0.4,1,4,263.98,50,0.72,1,Adventure,18,3
Magic Kingdom,24,6,1,95,11.1,1,3,254.42,32,0.71,1,Liberty Square,7,38
Magic Kingdom,26,3,0,98,1.8,0,3,238.07,31,0.69,1,Liberty Square,10,10
EPCOT,46,4,1,101,0.5,1,2,222.55,76,0.78,1,Fantasy,15,19
EPCOT,38,3,0,98,0.9,1,3,281.33,16,0.84,1,Frontier,14,7
Magic Kingdom,25,5,1,74,6.2,1,5,209.15,96,0.64,1,Main Street,12,18
Hollywood Studios,24,4,1,90,2.7,1,2,115.7,74,0.69,0,Adventure,7,71
Magic Kingdom,60,7,1,80,6.5,1,2,302.42,50,0.7,1,Frontier,6,19
Magic Kingdom,31,5,0,80,1.6,1,0,247.55,34,0.73,1,Main Street,4,39
Animal Kingdom,25,2,1,89,9.3,0,2,159.81,24,0.7,1,Frontier,2,9
EPCOT,39,3,0,85,4.6,1,3,251.28,43,0.8,1,Tomorrow,10,12
Hollywood Studios,7,2,0,89,3.5,1,5,236.56,16,0.9,1,Liberty Square,11,2
Hollywood Studios,31,2,1,89,0.4,1,3,258.6,29,0.86,1,Frontier,14,1
Magic Kingdom,31,2,1,99,10.5,1,3,123.93,68,0.62,0,Frontier,5,38
Animal Kingdom,52,5,0,89,3.8,0,3,147.88,51,0.79,1,Adventure,5,7
Hollywood Studios,11,3,0,80,7.6,1,4,136.14,30,0.72,0,Adventure,12,12
EPCOT,21,2,0,82,1.3,0,5,193.28,40,0.89,1,Adventure,22,17
Magic Kingdom,35,5,1,94,2.7,0,2,342.93,17,0.79,1,Adventure,5,7
Animal Kingdom,14,3,1,98,8,1,2,172.46,22,0.8,1,Frontier,4,2
Hollywood Studios,51,3,1,93,5.4,1,5,302.58,48,0.81,1,Liberty Square,24,20
Magic Kingdom,30,4,0,76,5.3,1,4,206.93,37,0.76,0,Frontier,16,10
Hollywood Studios,13,4,0,82,4.8,1,4,190.66,21,0.84,1,Tomorrow,13,10
Magic Kingdom,8,1,1,95,15.3,1,2,168.43,23,0.78,0,Adventure,4,33
EPCOT,52,3,1,99,4.1,1,3,278.85,61,0.75,1,Adventure,4,26
Animal Kingdom,37,1,0,80,10,0,2,115.95,39,0.59,1,Frontier,3,2
Animal Kingdom,37,3,0,76,4.1,0,0,251.81,22,0.53,1,Main Street,2,0
Magic Kingdom,41,1,0,86,2.8,1,5,147.93,26,0.73,1,Liberty Square,25,31
Magic Kingdom,21,2,1,82,9.7,1,3,191.22,19,0.82,1,Tomorrow,4,32
Hollywood Studios,20,1,0,82,9.6,1,1,188.51,23,0.82,1,Fantasy,3,4
Magic Kingdom,5,5,0,93,4.7,1,2,237.19,48,0.83,1,Adventure,16,0
Magic Kingdom,37,3,1,89,2.3,1,5,245.92,30,0.77,1,Adventure,25,32
EPCOT,47,4,1,91,11.4,1,4,298.18,48,0.66,1,Main Street,7,23
EPCOT,28,2,1,85,2.9,0,3,153.56,34,0.65,1,Frontier,12,25
EPCOT,32,1,0,102,5.4,1,4,283.98,47,0.61,0,Main Street,10,4
Animal Kingdom,34,1,1,91,3.5,0,3,77.27,14,0.67,1,Frontier,14,2
Magic Kingdom,56,3,0,91,4.3,1,4,99.69,16,0.71,1,Fantasy,17,22
Hollywood Studios,12,2,1,82,2.8,0,1,49.73,41,0.66,1,Main Street,9,15
Magic Kingdom,24,2,0,72,3,0,3,79.43,36,0.7,1,Frontier,9,45
Magic Kingdom,25,1,1,79,5.7,1,4,150.83,13,0.85,1,Frontier,6,6
Magic Kingdom,31,2,1,82,1.8,0,5,130.24,34,0.78,1,Tomorrow,22,26
Hollywood Studios,21,7,1,87,2.7,0,1,242.04,79,0.65,1,Frontier,2,77
Hollywood Studios,17,2,1,82,8.7,0,0,283.2,24,0.6,1,Adventure,2,10
Magic Kingdom,7,1,1,83,0.6,1,3,173.77,14,0.77,1,Tomorrow,10,17
Magic Kingdom,15,3,0,84,5,0,2,209.95,11,0.76,1,Adventure,8,6
EPCOT,37,3,0,85,5.3,1,8,137.35,21,0.94,1,Tomorrow,40,3
EPCOT,51,3,1,80,1.4,1,2,261.4,18,0.69,1,Main Street,13,48
Animal Kingdom,25,3,0,95,12.7,1,4,175.98,21,0.68,1,Main Street,3,29
Hollywood Studios,25,5,0,96,10.4,1,6,148.15,50,0.89,1,Frontier,10,2
Magic Kingdom,55,1,0,82,5.4,0,3,20.2,20,0.82,1,Tomorrow,11,3
Magic Kingdom,36,2,0,74,3.2,1,2,115.16,14,0.62,1,Frontier,9,7
EPCOT,43,1,0,87,2.4,0,1,95.5,13,0.78,1,Main Street,6,33
Animal Kingdom,44,1,0,94,2,1,3,214.03,22,0.87,0,Adventure,8,5
EPCOT,46,4,1,84,8.5,1,0,247.66,47,0.77,0,Fantasy,1,16
Animal Kingdom,23,3,1,84,3.5,1,3,174.57,21,0.87,0,Frontier,10,14
Magic Kingdom,43,4,1,96,3.1,1,2,314.19,43,0.75,1,Main Street,6,8
Magic Kingdom,21,5,1,87,8.5,0,4,200.47,48,0.83,1,Fantasy,10,25
EPCOT,31,1,0,76,8.4,0,2,70.86,19,0.71,1,Frontier,2,2
Animal Kingdom,6,1,0,93,2.9,0,3,225.09,15,0.72,1,Fantasy,13,4
Magic Kingdom,26,4,0,93,0.3,0,3,219.8,33,0.76,1,Frontier,14,40
Hollywood Studios,17,3,0,90,5.8,0,1,187.1,25,0.74,1,Fantasy,2,21
Magic Kingdom,24,2,0,97,8.8,1,3,140.73,38,0.71,1,Main Street,4,10
Animal Kingdom,46,4,0,95,1.4,0,1,341.07,36,0.67,1,Fantasy,4,30
Magic Kingdom,19,5,0,85,1,0,1,257.88,44,0.65,1,Frontier,5,50
Magic Kingdom,18,3,0,67,8,0,2,16.01,16,0.58,1,Frontier,4,2
Magic Kingdom,42,4,0,104,6.8,0,3,204.29,58,0.61,1,Frontier,9,9
Magic Kingdom,45,1,0,92,4,0,1,163.01,22,0.74,1,Main Street,5,8
EPCOT,8,3,0,83,5.3,1,4,204.63,29,0.72,0,Adventure,13,7
Magic Kingdom,52,3,0,92,17.6,1,4,92.2,15,0.57,0,Adventure,8,15
Magic Kingdom,31,2,1,100,1.3,0,2,171.23,22,0.81,0,Fantasy,5,1
Magic Kingdom,43,1,1,84,4.7,0,2,161.72,20,0.61,0,Liberty Square,4,39
Hollywood Studios,5,3,0,83,6.7,1,2,124.69,21,0.84,1,Fantasy,4,9
Animal Kingdom,34,3,0,91,13.1,1,4,268.35,38,0.75,0,Liberty Square,2,4
Magic Kingdom,55,2,0,90,1.9,1,1,84.35,13,0.73,0,Adventure,6,7
Animal Kingdom,11,2,0,93,12.6,0,2,230.37,40,0.53,0,Frontier,3,19
EPCOT,47,2,1,89,0.6,0,4,142.37,50,0.82,0,Adventure,22,12
Hollywood Studios,18,2,0,90,18.8,0,0,124.93,37,0.6,0,Adventure,0,1
Magic Kingdom,10,1,1,92,6.1,1,1,171.41,8,0.69,1,Liberty Square,4,9
Animal Kingdom,20,2,1,88,2.9,0,1,183.89,17,0.72,1,Frontier,5,31
EPCOT,26,1,1,93,5.9,0,2,180.33,58,0.66,1,Liberty Square,5,12
Hollywood Studios,22,6,0,96,2.4,0,6,266.8,56,0.7,1,Frontier,17,8
EPCOT,19,4,0,93,4.2,0,3,204.11,45,0.79,1,Liberty Square,7,66
Hollywood Studios,21,5,0,83,3.3,1,4,260.41,19,0.85,1,Frontier,15,100
Magic Kingdom,21,3,0,96,3.7,1,1,253.78,35,0.78,1,Fantasy,7,22
EPCOT,36,2,1,96,9.2,1,4,100.65,54,0.74,1,Frontier,4,15
Animal Kingdom,35,2,1,90,7.7,0,1,124.29,9,0.65,1,Main Street,4,25
Magic Kingdom,22,5,1,100,0.7,1,3,328.88,94,0.62,1,Frontier,15,6
Animal Kingdom,22,3,0,91,3.8,1,4,148.38,23,0.89,0,Adventure,12,9
Magic Kingdom,59,3,1,90,8.2,0,1,187.98,28,0.55,1,Adventure,1,8
EPCOT,7,3,0,86,2.7,1,4,219.34,8,0.88,1,Main Street,9,7
Animal Kingdom,40,7,0,80,8,1,4,138.05,32,0.73,1,Adventure,8,19
EPCOT,37,6,1,93,7.6,0,2,188.86,31,0.72,0,Adventure,3,104
Hollywood Studios,55,1,1,95,5.3,1,1,143.66,27,0.62,1,Adventure,6,6
Magic Kingdom,10,5,0,89,2.7,1,1,157.71,67,0.65,1,Adventure,11,25
Hollywood Studios,28,1,0,79,0.5,1,1,113.63,33,0.85,1,Frontier,5,13
EPCOT,33,3,0,93,2.1,0,4,163.45,35,0.7,0,Adventure,16,3
Hollywood Studios,44,4,1,93,2.8,1,5,145.84,23,0.91,1,Frontier,23,15
Hollywood Studios,27,4,1,78,9.2,1,3,276.68,42,0.59,1,Frontier,2,34
Magic Kingdom,24,2,1,85,2.8,0,3,129.48,38,0.75,1,Liberty Square,6,0
EPCOT,31,3,0,95,3,0,0,121.07,19,0.79,1,Adventure,5,44
Animal Kingdom,9,5,0,94,3.1,0,0,225.35,47,0.58,1,Main Street,2,15
Hollywood Studios,47,2,0,77,17.4,1,3,139.06,29,0.49,0,Frontier,3,32
Hollywood Studios,21,5,0,94,3.2,1,2,287.68,83,0.64,1,Main Street,10,34
EPCOT,40,3,1,110,2.4,0,2,130.91,45,0.65,1,Adventure,4,34
Magic Kingdom,23,4,0,77,1.3,1,1,83.54,22,0.79,0,Frontier,9,23
Hollywood Studios,7,5,0,97,11.7,1,3,217.32,19,0.79,1,Tomorrow,2,38
Hollywood Studios,40,6,1,81,3.6,1,2,226.96,143,0.55,1,Liberty Square,5,37
Magic Kingdom,18,4,1,90,4.5,0,1,283.24,39,0.76,1,Liberty Square,3,60
Magic Kingdom,48,6,0,75,2.3,0,0,220.2,79,0.64,1,Liberty Square,6,103
EPCOT,52,4,0,101,9.7,1,2,237.14,28,0.68,1,Main Street,4,7
Animal Kingdom,19,3,0,93,3.3,1,2,234.88,43,0.69,1,Main Street,6,12
Hollywood Studios,74,6,0,91,3.4,0,1,221.27,42,0.57,0,Liberty Square,2,120
Animal Kingdom,28,1,0,97,3.3,1,6,187.17,28,0.83,1,Main Street,24,0
Magic Kingdom,50,7,0,93,7.3,0,0,184.65,26,0.67,1,Liberty Square,1,37
Hollywood Studios,12,2,1,89,1.9,1,2,234.25,20,0.94,1,Liberty Square,3,18
Hollywood Studios,63,4,0,91,2.3,1,6,281.14,26,0.74,1,Fantasy,33,8
EPCOT,31,3,1,89,5.7,1,4,233.64,69,0.58,1,Fantasy,20,32
EPCOT,36,6,1,80,5.7,0,1,254.13,31,0.59,1,Main Street,3,5
Animal Kingdom,16,3,1,83,1.4,1,4,147.42,41,0.82,1,Frontier,12,4
EPCOT,24,7,0,89,1.9,1,3,352.58,77,0.55,1,Tomorrow,10,114
Hollywood Studios,31,5,1,83,7.1,0,2,160.72,62,0.4,1,Adventure,1,12
EPCOT,36,3,1,75,10.7,0,2,135.95,50,0.55,0,Main Street,5,3
EPCOT,26,1,0,79,1,1,5,283.56,14,0.88,1,Main Street,28,5
EPCOT,30,2,0,87,0.4,1,2,259.85,28,0.76,1,Liberty Square,15,10
Magic Kingdom,32,2,1,93,4.9,1,2,116.85,16,0.81,1,Main Street,8,15
Hollywood Studios,7,3,1,98,7.4,1,5,185.1,49,0.83,1,Tomorrow,9,29
Hollywood Studios,28,2,1,92,8.2,1,2,192.39,59,0.53,0,Liberty Square,3,10
Magic Kingdom,37,1,1,94,5.5,1,2,183.67,25,0.77,0,Adventure,10,2
EPCOT,24,5,1,84,0.9,0,5,276.49,53,0.78,1,Main Street,26,0
EPCOT,22,4,0,89,2.1,0,0,251.72,25,0.62,1,Adventure,7,41
Animal Kingdom,40,4,1,88,4.3,0,1,67.12,39,0.65,1,Tomorrow,4,50
EPCOT,25,4,1,75,1.7,1,2,89.94,70,0.63,1,Main Street,5,9
Magic Kingdom,36,6,1,95,0.3,1,2,266.12,47,0.78,0,Main Street,7,85
Hollywood Studios,30,3,0,86,6.9,1,1,114.95,18,0.73,1,Adventure,3,17
Animal Kingdom,31,3,1,84,8.3,0,1,109.2,12,0.47,1,Adventure,2,24
EPCOT,47,5,1,82,1.6,1,1,275.4,47,0.89,1,Frontier,8,78
EPCOT,45,2,0,76,3,0,3,113.44,22,0.9,1,Tomorrow,12,20
Magic Kingdom,14,4,0,89,3.5,0,0,214.96,16,0.81,1,Liberty Square,6,71
Animal Kingdom,15,5,0,88,3.4,1,4,178.36,43,0.81,1,Adventure,20,18
EPCOT,28,1,0,90,8.4,1,5,157.71,10,0.78,0,Frontier,16,8
Magic Kingdom,31,2,0,87,1.7,1,2,207.42,19,0.79,1,Fantasy,3,12
Magic Kingdom,43,4,0,82,2.1,1,5,124.65,33,0.83,1,Fantasy,18,0
EPCOT,43,5,1,95,3.2,0,3,352.42,31,0.79,1,Tomorrow,11,8
EPCOT,30,5,0,82,7.3,1,3,136.22,9,0.73,0,Frontier,7,3
Magic Kingdom,12,3,0,95,5.2,1,2,101.98,19,0.62,1,Frontier,12,0
Animal Kingdom,61,2,1,99,0.6,0,2,49.96,62,0.72,1,Frontier,14,9
EPCOT,40,6,0,80,5.4,1,3,258.79,24,0.67,1,Main Street,10,16
EPCOT,43,3,0,90,5.8,1,2,201.66,25,0.8,1,Tomorrow,6,7
Animal Kingdom,21,2,0,102,5.9,0,1,174.43,38,0.58,1,Adventure,7,4
EPCOT,14,6,1,89,3,0,4,342.3,88,0.47,1,Adventure,12,28
EPCOT,29,4,1,80,3.5,1,4,260.13,58,0.72,1,Adventure,14,7
EPCOT,36,3,0,92,1.8,1,4,126.9,38,0.82,1,Main Street,17,10
Animal Kingdom,37,3,1,89,1.7,1,7,215.36,54,0.73,1,Tomorrow,39,22
Magic Kingdom,23,3,0,84,1.7,1,2,376.91,51,0.55,1,Frontier,7,18
Hollywood Studios,27,3,1,65,2.2,0,4,209.44,16,0.66,1,Frontier,14,4
Magic Kingdom,31,2,1,88,2.2,1,3,271.23,27,0.89,1,Liberty Square,11,35
Animal Kingdom,57,5,1,85,9.1,1,0,301.78,40,0.65,0,Frontier,1,45
Magic Kingdom,19,2,0,95,4.8,1,1,247.89,27,0.72,1,Frontier,6,4
Magic Kingdom,32,5,0,83,4.4,0,3,297.81,49,0.41,1,Frontier,4,2
Magic Kingdom,12,5,1,83,1.4,0,2,168.88,14,0.95,1,Frontier,6,14
Magic Kingdom,21,6,0,82,12,1,1,219.82,32,0.66,0,Frontier,3,24
EPCOT,38,4,0,96,0.2,1,0,120.86,51,0.69,1,Frontier,4,16
Magic Kingdom,23,4,1,96,9,1,1,235.25,30,0.54,1,Tomorrow,2,56
Magic Kingdom,20,5,0,80,2.3,1,2,226.39,74,0.81,1,Tomorrow,7,10
Animal Kingdom,41,1,0,98,5,0,3,117.76,13,0.81,1,Adventure,7,17
Magic Kingdom,41,2,0,76,6.3,0,2,199.73,41,0.73,1,Main Street,7,2
EPCOT,37,5,0,96,13.7,0,0,254.27,94,0.16,1,Frontier,0,1
EPCOT,37,3,1,95,0.7,1,3,221.45,40,0.67,1,Tomorrow,11,40
Magic Kingdom,21,5,1,88,0.6,1,6,375.83,51,0.7,1,Liberty Square,35,24
Animal Kingdom,5,2,1,80,3,1,1,89.78,9,0.78,1,Liberty Square,5,32
Magic Kingdom,10,3,0,87,22.1,0,2,242.42,29,0.43,0,Adventure,0,21
Magic Kingdom,30,3,1,79,16.7,1,3,137.38,46,0.35,0,Main Street,5,4
Magic Kingdom,38,3,0,82,3.1,1,6,246.81,20,0.91,1,Fantasy,31,32
EPCOT,23,2,1,84,0.6,1,3,199.24,29,0.76,1,Liberty Square,7,16
Magic Kingdom,24,2,0,82,3,1,1,124.73,14,0.85,1,Fantasy,6,6
Animal Kingdom,25,2,1,98,2,0,3,87.72,31,0.72,1,Liberty Square,13,5
Hollywood Studios,36,4,1,86,3.1,0,4,221.26,55,0.54,0,Frontier,12,12
EPCOT,34,8,0,86,6.9,0,2,293.2,23,0.57,0,Liberty Square,6,67
Hollywood Studios,49,2,0,100,16.4,1,5,267.85,42,0.5,0,Frontier,5,57
Hollywood Studios,32,5,0,82,0.9,1,2,234.11,38,0.85,1,Frontier,9,20
EPCOT,62,5,0,94,7.9,1,0,374.98,42,0.55,1,Liberty Square,1,1
Animal Kingdom,35,1,0,90,4.3,0,5,28.83,27,0.69,1,Liberty Square,18,16
EPCOT,5,3,0,102,4.1,1,6,256.82,48,0.87,1,Frontier,20,8
Magic Kingdom,22,3,1,84,5.5,0,7,207.06,32,0.84,1,Adventure,26,44
Magic Kingdom,34,2,0,90,5.8,1,1,179.58,13,0.79,1,Liberty Square,5,5
Animal Kingdom,11,1,0,85,7.9,0,4,143.72,14,0.77,1,Frontier,7,2
Magic Kingdom,55,2,0,87,8.5,0,4,185.51,43,0.62,0,Main Street,11,13
Hollywood Studios,17,2,0,79,3.5,0,2,124.62,42,0.77,1,Adventure,10,8
Magic Kingdom,41,2,1,74,7.9,1,1,154.68,16,0.79,1,Main Street,4,14
Magic Kingdom,19,4,0,89,2.6,1,3,284.48,20,0.8,1,Frontier,10,105
Magic Kingdom,19,2,0,87,17.9,0,0,201.21,28,0.7,1,Adventure,1,17
Hollywood Studios,38,4,1,76,8.8,0,3,184.03,25,0.46,0,Frontier,5,5
EPCOT,5,5,1,87,9.5,1,5,144.18,32,0.78,1,Adventure,14,9
Animal Kingdom,53,4,1,84,1.1,0,0,163.27,58,0.66,0,Adventure,3,43
Magic Kingdom,20,5,0,89,3.1,1,3,159.06,59,0.63,0,Adventure,8,45
Hollywood Studios,50,1,1,90,5.2,0,3,192.69,53,0.7,1,Main Street,5,35
Animal Kingdom,8,3,1,93,1.2,0,1,212.9,59,0.72,0,Adventure,5,44
EPCOT,32,4,0,78,4.5,1,5,282.78,83,0.66,1,Fantasy,19,59
Animal Kingdom,9,6,1,89,11.8,0,2,278.79,75,0.23,0,Frontier,2,125
EPCOT,24,1,0,82,0.8,1,3,180.97,18,0.89,1,Frontier,24,3
Animal Kingdom,34,2,1,101,2.1,0,2,167.81,35,0.69,0,Main Street,8,41
EPCOT,47,2,1,80,1.4,1,1,145.45,70,0.59,1,Frontier,9,2
Animal Kingdom,25,3,0,97,7.6,0,4,125.84,24,0.52,1,Fantasy,5,80
Hollywood Studios,28,2,0,82,6.7,1,2,102.67,31,0.78,1,Frontier,4,38
Animal Kingdom,21,4,0,86,1.3,0,0,171.14,28,0.78,1,Adventure,5,18
EPCOT,5,1,0,93,5.3,1,3,147.63,26,0.91,1,Liberty Square,8,18
Animal Kingdom,40,5,1,95,11.5,1,6,286.52,38,0.85,1,Adventure,5,11
Animal Kingdom,54,2,1,83,1.4,1,2,168.86,30,0.78,0,Main Street,4,1
EPCOT,30,2,1,90,19.9,1,5,182.39,50,0.68,0,Liberty Square,7,31
Magic Kingdom,30,1,0,78,2.3,1,4,261.21,32,0.88,1,Adventure,27,7
Animal Kingdom,41,2,1,81,6.7,0,0,178.5,31,0.8,1,Tomorrow,5,31
Magic Kingdom,54,3,0,98,1.9,1,5,224.13,26,0.85,1,Frontier,23,0
Hollywood Studios,47,5,0,84,11.6,0,1,202.5,28,0.42,0,Tomorrow,1,1
Hollywood Studios,64,1,0,85,3.9,1,3,175.79,36,0.92,1,Liberty Square,10,22
EPCOT,31,4,0,75,0.2,0,2,292.69,18,0.63,1,Adventure,12,4
EPCOT,32,4,0,94,5.7,1,2,156.25,58,0.7,1,Adventure,4,7
Magic Kingdom,37,3,0,92,2.1,1,4,220.54,27,0.94,1,Main Street,20,3
Hollywood Studios,24,4,1,101,10,1,3,180.13,65,0.56,0,Frontier,3,12
Magic Kingdom,42,3,0,89,24,1,2,207.51,41,0.42,0,Main Street,0,40
EPCOT,56,3,1,92,3.2,0,3,224.4,52,0.79,1,Tomorrow,9,51
Hollywood Studios,42,2,0,78,2.8,1,1,169.92,18,0.72,1,Liberty Square,4,29
EPCOT,28,2,1,79,4,1,5,230.5,29,0.67,1,Adventure,20,1
Hollywood Studios,28,2,1,93,6.7,1,5,176.31,28,0.54,1,Liberty Square,16,4
Magic Kingdom,32,6,1,91,1.7,0,2,148.42,63,0.75,0,Frontier,12,121
EPCOT,32,2,1,89,0.5,0,2,176.24,47,0.8,1,Main Street,11,27
Magic Kingdom,55,5,0,82,2.7,1,3,270.11,25,0.81,1,Fantasy,12,26
Magic Kingdom,21,2,0,83,11.3,1,4,174.46,27,0.7,0,Frontier,4,9
Animal Kingdom,38,1,1,81,2.4,1,2,149.35,23,0.77,1,Liberty Square,5,3
Magic Kingdom,73,2,0,92,8.9,1,3,206.27,39,0.58,0,Liberty Square,4,16
EPCOT,5,2,0,89,1.4,0,3,162.88,24,0.9,1,Adventure,8,6
Hollywood Studios,27,2,0,91,7.1,1,1,157.56,16,0.69,1,Frontier,4,15
Hollywood Studios,42,3,0,87,4.8,0,2,187.89,51,0.75,1,Frontier,5,16
Hollywood Studios,41,2,1,81,2.7,1,2,231.54,41,0.85,1,Main Street,14,9
Animal Kingdom,46,3,1,87,1.9,1,1,221.47,31,0.73,1,Frontier,4,0
Animal Kingdom,45,4,0,93,10.2,1,2,257.87,35,0.7,1,Frontier,0,5
Magic Kingdom,43,1,0,81,1,0,2,183.37,28,0.72,1,Fantasy,7,23
EPCOT,28,1,1,79,2.8,1,3,228.68,21,0.81,1,Adventure,9,2
Animal Kingdom,34,3,0,88,8.8,1,7,138.51,15,0.63,1,Main Street,19,2
Hollywood Studios,10,3,1,106,0.9,0,0,194.78,36,0.67,1,Frontier,4,24
Animal Kingdom,59,3,0,83,8.6,1,3,150.82,21,0.77,1,Liberty Square,4,11
Magic Kingdom,36,4,0,83,1.9,0,2,72.36,53,0.79,1,Adventure,9,65
Animal Kingdom,19,4,0,88,1,1,1,211.61,29,0.75,1,Frontier,5,13
EPCOT,41,2,1,75,2.6,1,2,228.83,22,0.86,1,Frontier,8,6
Hollywood Studios,30,2,0,89,4.9,1,1,169.29,22,0.78,1,Adventure,2,5
Magic Kingdom,37,5,0,93,9.1,0,4,160.02,49,0.53,0,Liberty Square,4,59
EPCOT,40,2,1,90,4.1,0,1,225.78,54,0.7,0,Fantasy,2,20
Animal Kingdom,52,8,0,87,3.9,0,3,128.44,35,0.8,1,Liberty Square,3,3
Animal Kingdom,38,2,1,81,3.5,1,2,86.85,22,0.87,1,Main Street,6,10
Magic Kingdom,21,3,1,90,0.6,1,3,184.9,43,0.8,1,Main Street,11,21
EPCOT,25,1,1,92,2.3,1,5,248.37,18,0.83,1,Frontier,29,13
Magic Kingdom,50,1,0,88,2.4,1,3,174.38,15,0.65,1,Adventure,11,3
Magic Kingdom,5,3,1,81,2.6,0,0,167.06,20,0.78,1,Tomorrow,1,73
Hollywood Studios,30,2,0,82,9.8,1,3,104.57,10,0.86,0,Adventure,9,4
Magic Kingdom,18,3,0,88,6.2,0,2,127.16,29,0.66,1,Frontier,3,2
Magic Kingdom,12,4,0,85,1.9,1,1,173.34,16,0.78,1,Adventure,6,18
Hollywood Studios,28,2,1,100,9,0,2,165.2,51,0.66,1,Main Street,5,9
EPCOT,50,3,1,95,6.8,1,2,311.55,20,0.68,1,Liberty Square,7,9
Hollywood Studios,19,3,1,83,2.9,1,1,194.22,44,0.68,1,Fantasy,9,20
Animal Kingdom,10,4,0,93,2.2,0,3,5,19,0.85,1,Fantasy,6,12
EPCOT,42,6,0,86,3.7,0,1,283.23,25,0.81,0,Adventure,4,5
Magic Kingdom,49,3,1,90,6.7,0,0,185.43,41,0.63,0,Adventure,1,14
Animal Kingdom,30,3,0,101,1.5,1,3,98.99,17,0.85,1,Main Street,5,4
Magic Kingdom,21,1,1,92,2.6,1,1,191,26,0.77,1,Main Street,9,2
Magic Kingdom,46,4,1,74,8.5,1,4,96.59,44,0.84,1,Adventure,6,23
EPCOT,49,3,0,89,1.5,0,3,268.53,46,0.75,1,Adventure,9,18
EPCOT,45,2,0,89,8.3,1,6,106.44,18,0.76,0,Frontier,12,11
EPCOT,43,2,1,91,3.9,0,2,202.87,60,0.51,1,Fantasy,7,41
EPCOT,20,6,0,98,2.7,1,4,159.86,19,0.92,1,Adventure,16,4
EPCOT,38,5,1,76,2.1,1,3,269.04,50,0.76,0,Tomorrow,15,27
Magic Kingdom,33,7,1,91,1.8,1,2,329.71,53,0.74,1,Liberty Square,11,24
Hollywood Studios,20,4,1,74,2.5,0,2,99.14,35,0.8,1,Frontier,11,10
EPCOT,37,5,0,100,3.9,0,3,239.01,84,0.47,0,Adventure,8,15
Hollywood Studios,42,5,0,84,7.2,0,4,238.83,33,0.58,1,Tomorrow,3,15
Animal Kingdom,54,1,0,79,0.1,1,6,294.54,17,0.9,1,Frontier,33,9
EPCOT,36,6,0,86,0.7,0,2,218.88,46,0.67,1,Frontier,10,9
Magic Kingdom,40,4,0,97,3.2,0,2,43.55,28,0.81,0,Adventure,8,47
Animal Kingdom,38,1,1,81,2,1,2,201.76,23,0.85,0,Fantasy,8,0
Hollywood Studios,38,3,0,97,3.3,0,1,228.39,20,0.62,1,Main Street,3,2
Hollywood Studios,52,7,0,80,6.2,0,3,92.3,65,0.64,1,Frontier,7,38
EPCOT,41,1,0,93,0.8,0,2,169.35,18,0.89,1,Main Street,9,19
EPCOT,41,5,1,83,0.4,0,3,355.44,30,0.75,1,Fantasy,12,26
EPCOT,25,1,1,77,2.2,0,0,183.87,20,0.83,1,Fantasy,7,12
Magic Kingdom,30,6,1,76,5.9,1,8,310.98,59,0.89,1,Frontier,35,16
Magic Kingdom,27,1,1,84,7.9,0,2,156.03,15,0.52,1,Adventure,5,2
EPCOT,50,1,1,94,0.4,0,2,236.43,12,0.85,0,Tomorrow,6,56
Hollywood Studios,56,5,1,87,1.2,1,2,244.79,71,0.77,0,Fantasy,8,21
Animal Kingdom,30,7,1,98,0.3,1,1,255.18,21,0.53,1,Liberty Square,6,111
Animal Kingdom,29,2,1,81,3.4,0,2,74.77,21,0.75,0,Tomorrow,7,15
EPCOT,39,6,1,82,12.2,1,4,158.7,110,0.47,0,Main Street,6,99
Magic Kingdom,30,2,1,96,6.2,0,2,223.1,33,0.72,1,Main Street,4,4
EPCOT,5,3,0,81,4.4,1,4,109.42,35,0.93,1,Adventure,19,1
Magic Kingdom,45,4,1,91,3.5,0,1,109.83,23,0.75,1,Liberty Square,5,56
Hollywood Studios,14,1,1,90,3.2,0,0,87.99,38,0.54,0,Liberty Square,2,6
Animal Kingdom,60,4,0,73,0.9,1,2,217.56,35,0.74,1,Adventure,7,4
EPCOT,31,3,0,83,7,0,2,164.08,63,0.52,1,Adventure,5,12
EPCOT,58,8,0,84,3.5,1,3,281.78,39,0.73,1,Frontier,13,11
Animal Kingdom,40,3,1,88,0.6,1,5,178.33,45,0.83,1,Liberty Square,26,69
Animal Kingdom,74,3,0,89,6,1,5,223.01,34,0.87,1,Adventure,10,27
EPCOT,67,1,0,91,3.6,0,2,213.31,13,0.78,1,Fantasy,9,19
Magic Kingdom,5,2,1,87,0.4,1,3,144.52,24,0.82,1,Adventure,12,5
Animal Kingdom,49,3,1,85,3.8,1,3,180.87,25,0.7,0,Fantasy,6,23
Magic Kingdom,37,4,1,80,4,0,1,139.09,45,0.45,1,Main Street,6,53
Animal Kingdom,36,2,1,89,8,1,4,216.34,14,0.68,1,Main Street,13,26
Animal Kingdom,39,1,1,86,3,0,2,124.74,27,0.5,1,Adventure,1,7
Magic Kingdom,29,4,1,88,2.7,1,3,254.52,44,0.83,1,Main Street,12,56
EPCOT,43,2,0,85,1.1,1,2,130.46,18,0.84,0,Main Street,17,11
Magic Kingdom,14,1,0,78,0.5,1,3,271.5,23,0.87,1,Liberty Square,17,19
Hollywood Studios,8,6,0,92,3,1,4,224.94,83,0.77,1,Frontier,13,95
Animal Kingdom,36,4,0,86,1.2,1,5,171.02,17,0.83,0,Main Street,18,7
Magic Kingdom,13,4,1,80,1.4,0,2,257.79,38,0.87,1,Tomorrow,10,19
Magic Kingdom,32,4,0,82,2,1,1,220.5,13,0.79,0,Tomorrow,8,13
EPCOT,29,1,1,80,2.6,1,1,220.5,63,0.68,0,Tomorrow,8,23
EPCOT,29,4,1,101,2.5,1,0,146.73,73,0.72,1,Fantasy,4,10
Hollywood Studios,24,2,1,94,1.4,1,4,153.58,24,0.92,1,Frontier,16,73
Magic Kingdom,5,7,0,90,1.7,1,3,302.8,63,0.55,1,Main Street,12,61
Magic Kingdom,17,2,0,84,4.5,0,0,111.93,21,0.74,0,Tomorrow,3,0
Hollywood Studios,57,1,0,101,9.2,1,1,158.8,53,0.81,1,Adventure,3,4
Magic Kingdom,34,2,1,92,1.3,0,2,124.41,42,0.73,1,Tomorrow,8,7
Magic Kingdom,52,2,0,82,0.2,1,2,133.8,28,0.8,0,Frontier,15,1
Hollywood Studios,47,3,0,81,5.3,1,2,173.9,21,0.91,1,Adventure,2,3
Hollywood Studios,50,3,1,75,6.1,1,5,168.85,34,0.77,1,Main Street,14,20
Hollywood Studios,45,1,0,90,4.3,0,2,39.4,32,0.65,0,Tomorrow,6,2
Animal Kingdom,53,6,1,90,9.9,1,6,264.52,26,0.74,1,Tomorrow,9,52
Animal Kingdom,10,5,0,94,1.3,0,1,177.22,56,0.67,0,Fantasy,3,26
Animal Kingdom,21,1,0,93,20.3,1,4,150.37,39,0.46,0,Fantasy,4,9
Animal Kingdom,45,5,0,91,1.5,1,4,301.49,45,0.86,1,Frontier,22,10
EPCOT,45,2,0,79,1.4,0,2,89.64,11,0.89,1,Liberty Square,10,1
Magic Kingdom,24,2,0,90,3.3,0,1,217.75,12,0.74,1,Liberty Square,4,50
Hollywood Studios,34,2,0,90,15.6,1,3,160.98,17,0.46,0,Fantasy,5,0
EPCOT,23,5,1,87,0.6,1,4,233.16,71,0.6,1,Main Street,19,26
Animal Kingdom,38,7,0,86,2.9,0,2,246.34,56,0.49,1,Tomorrow,4,84
EPCOT,19,2,1,91,0.8,1,0,244.43,60,0.53,1,Frontier,8,0
Magic Kingdom,29,3,0,70,5.6,0,0,67.88,27,0.78,1,Frontier,3,10
Magic Kingdom,43,1,0,82,3.7,1,2,119.23,47,0.83,1,Fantasy,7,11
Magic Kingdom,5,2,0,89,1.5,1,4,123.57,24,0.74,1,Frontier,22,4
Magic Kingdom,24,6,1,83,0.6,1,3,177.76,75,0.73,1,Fantasy,11,30
Animal Kingdom,39,3,1,83,2.2,0,3,210.93,31,0.63,1,Fantasy,6,16
Magic Kingdom,31,2,1,97,3.9,0,1,279.83,28,0.68,1,Frontier,10,42
Animal Kingdom,26,3,0,84,2,0,1,168.36,20,0.72,1,Frontier,4,20
EPCOT,16,2,1,83,1.2,0,2,235.95,29,0.74,1,Liberty Square,10,2
Magic Kingdom,28,5,1,94,2.3,1,3,281.38,38,0.78,1,Frontier,13,21
Hollywood Studios,43,3,1,82,4,1,7,126.6,7,0.93,1,Main Street,34,17
EPCOT,30,2,0,102,7.6,1,0,229.41,32,0.63,1,Tomorrow,2,3
Animal Kingdom,48,7,1,87,6.9,1,2,229.71,26,0.73,0,Frontier,5,37
Magic Kingdom,75,3,0,86,0.6,0,1,173.16,36,0.66,1,Main Street,8,2
Hollywood Studios,18,3,0,87,2.1,0,3,172.02,40,0.42,0,Main Street,7,7
EPCOT,18,2,0,79,4.4,1,3,212.86,39,0.85,1,Liberty Square,8,18
Hollywood Studios,44,3,1,96,1.2,1,3,129.89,49,0.78,1,Liberty Square,10,64
Hollywood Studios,45,4,0,90,1.3,1,2,226.93,14,0.71,1,Frontier,9,16
Magic Kingdom,25,6,0,89,4.6,1,2,117.46,34,0.73,1,Tomorrow,7,36
Magic Kingdom,43,4,0,80,2.5,0,0,153.09,19,0.82,0,Main Street,5,1
Magic Kingdom,39,5,1,87,2.2,1,4,305.45,45,0.63,1,Main Street,24,20
Magic Kingdom,34,5,0,100,3.2,0,7,211.09,45,0.78,1,Tomorrow,27,32
Hollywood Studios,42,1,0,84,0.8,0,1,145.76,22,0.68,1,Liberty Square,9,11
Animal Kingdom,12,2,0,81,7.7,0,2,197.98,15,0.78,1,Frontier,1,9
Animal Kingdom,18,2,0,86,1.8,0,0,89.04,15,0.71,1,Liberty Square,4,8
Animal Kingdom,20,3,0,90,9.1,1,7,104.09,29,0.91,1,Fantasy,13,0
Hollywood Studios,54,8,0,89,2.7,0,2,417.98,50,0.62,1,Frontier,7,32
EPCOT,16,4,0,78,8.7,1,4,155.94,27,0.77,1,Main Street,10,9
Hollywood Studios,23,1,0,91,5.3,1,2,84.95,56,0.57,1,Adventure,8,1
Hollywood Studios,55,1,0,95,2.1,1,2,250.05,30,0.82,1,Fantasy,13,0
Magic Kingdom,33,4,1,99,4.2,0,0,240.8,85,0.42,1,Frontier,2,97
Magic Kingdom,55,3,0,89,1.6,1,0,201.43,36,0.71,1,Fantasy,2,26
Hollywood Studios,47,1,1,88,0.3,0,5,175.93,21,0.84,1,Main Street,17,19
Magic Kingdom,26,3,1,90,8.8,1,5,226.15,23,0.9,1,Adventure,10,5
Magic Kingdom,46,3,0,77,0.9,1,3,175.28,30,0.9,1,Tomorrow,13,56
EPCOT,44,2,0,85,6.2,0,1,241.91,19,0.69,0,Frontier,1,3
Magic Kingdom,17,2,0,91,2.6,0,1,161.24,35,0.72,1,Main Street,5,3
Magic Kingdom,34,2,1,92,1.8,1,4,219.12,12,0.97,1,Frontier,20,30
Magic Kingdom,14,3,0,88,1.8,1,3,220.87,45,0.8,1,Liberty Square,11,35
Hollywood Studios,10,3,1,85,4.6,0,0,121.65,41,0.47,0,Liberty Square,4,10
Magic Kingdom,49,1,0,88,3.9,1,4,221.36,42,0.56,1,Tomorrow,8,2
EPCOT,31,1,1,87,4.5,1,5,98.69,39,0.88,1,Main Street,15,16
Animal Kingdom,18,4,0,84,3.4,1,1,131.4,37,0.82,1,Frontier,11,35
EPCOT,29,7,0,74,6.2,0,2,230.1,21,0.81,1,Frontier,6,27
EPCOT,5,4,0,99,11.6,1,1,239.55,55,0.56,1,Adventure,5,15
EPCOT,21,4,0,101,1.9,1,2,259.67,54,0.64,1,Frontier,6,21
Hollywood Studios,28,4,0,105,0.6,0,1,118.44,60,0.42,0,Liberty Square,10,35
Magic Kingdom,28,2,0,89,3,0,2,209.99,36,0.74,0,Frontier,4,0
Animal Kingdom,37,2,1,95,2,1,2,171,39,0.66,1,Frontier,9,57
Hollywood Studios,40,3,1,90,6.9,0,0,97.89,42,0.6,0,Adventure,6,0
Hollywood Studios,40,5,1,79,7.6,1,2,167.01,23,0.68,1,Main Street,4,6
Magic Kingdom,50,2,0,90,4.8,1,4,191.21,44,0.78,1,Adventure,13,10
EPCOT,24,3,0,68,8.5,1,4,214.21,14,0.77,1,Main Street,12,2
Hollywood Studios,31,3,0,103,0.2,0,3,178.78,41,0.78,1,Fantasy,9,8
Hollywood Studios,55,3,1,92,3.6,1,5,265.65,53,0.72,1,Fantasy,20,7
Magic Kingdom,29,3,0,97,2.7,0,3,181.78,36,0.71,0,Main Street,13,17
EPCOT,30,3,1,94,6.7,0,1,164.68,49,0.56,1,Tomorrow,4,28
Magic Kingdom,31,3,1,95,5.7,0,4,150.59,30,0.79,1,Frontier,14,53
Animal Kingdom,51,2,1,75,4.7,1,3,187.94,15,0.59,0,Adventure,13,53
Magic Kingdom,40,6,0,86,6.6,1,0,307.29,21,0.56,0,Liberty Square,3,8
EPCOT,32,3,0,90,4.1,0,2,166.22,33,0.57,1,Frontier,10,3
Magic Kingdom,42,5,0,86,5.4,0,2,150.62,25,0.74,1,Tomorrow,9,7
EPCOT,27,2,0,91,3.6,1,3,201.72,24,0.85,1,Main Street,17,7
EPCOT,32,2,0,77,0.8,0,4,215.44,12,0.9,0,Adventure,15,17
Magic Kingdom,37,2,0,95,2.5,1,3,152.7,39,0.83,1,Tomorrow,13,0
Magic Kingdom,16,1,1,90,2.5,1,4,203.54,34,0.81,0,Main Street,15,35
Animal Kingdom,50,6,1,81,0.9,1,4,315.48,50,0.79,1,Frontier,14,70
Hollywood Studios,32,4,1,77,0.9,0,0,138.92,28,0.79,1,Liberty Square,7,36
Hollywood Studios,15,6,0,94,0.1,0,1,258.14,51,0.75,1,Fantasy,8,12
Magic Kingdom,41,3,0,86,5,0,2,145.37,37,0.73,1,Fantasy,9,30
Magic Kingdom,35,1,1,92,3.4,0,5,257.4,42,0.61,1,Adventure,15,10
EPCOT,8,2,1,82,1,1,3,295.15,21,0.95,1,Main Street,17,13
EPCOT,14,6,0,95,1.5,1,5,212.9,43,0.66,1,Tomorrow,29,21
EPCOT,31,3,0,73,5.7,1,3,278.68,27,0.7,0,Frontier,6,42
EPCOT,21,5,0,86,6.3,0,4,164.26,22,0.68,0,Tomorrow,10,11
Magic Kingdom,52,3,0,82,2.3,1,4,117.97,12,0.91,1,Frontier,20,8
Magic Kingdom,21,6,0,108,0.6,0,3,221.52,36,0.9,1,Frontier,10,52
Magic Kingdom,48,2,1,91,9.2,0,2,231.72,40,0.65,0,Adventure,5,9
EPCOT,29,2,0,87,1.8,0,1,189.04,23,0.81,1,Liberty Square,5,4
Hollywood Studios,9,3,0,85,0.3,1,3,126.24,35,0.87,1,Adventure,15,6
EPCOT,32,5,1,87,0.8,1,1,331.26,76,0.76,1,Fantasy,4,30
EPCOT,10,3,1,99,5,1,1,206.27,24,0.75,0,Main Street,8,47
Magic Kingdom,40,1,1,79,9.1,0,4,108.31,35,0.73,1,Main Street,8,13
Magic Kingdom,30,3,0,89,3.7,0,0,156.29,24,0.57,1,Frontier,4,4
Magic Kingdom,14,1,0,85,8.8,0,2,17.31,36,0.75,1,Main Street,3,5
Magic Kingdom,37,7,1,99,1.6,0,0,240.67,81,0.72,1,Fantasy,2,56
Hollywood Studios,48,3,0,68,5.9,0,4,194.6,12,0.77,1,Liberty Square,6,12
EPCOT,14,1,0,83,2.3,1,3,201.76,56,0.65,1,Frontier,8,2
EPCOT,37,6,1,80,5.7,1,2,56.15,49,0.83,1,Main Street,4,62
Hollywood Studios,9,4,1,84,3,1,5,181.97,38,0.92,1,Frontier,19,19
EPCOT,13,4,0,84,6.2,1,4,178.79,23,0.82,1,Frontier,9,12
Hollywood Studios,5,7,0,91,3.2,1,1,200.93,78,0.57,1,Frontier,8,35
Magic Kingdom,34,6,1,88,1.7,1,6,262.62,45,0.76,1,Fantasy,32,64
Hollywood Studios,42,3,1,107,0.6,1,2,192.11,33,0.69,1,Frontier,12,22
Magic Kingdom,30,3,0,92,4.6,1,1,215.46,41,0.63,1,Adventure,6,23
Animal Kingdom,29,2,0,93,0.5,1,7,195.85,31,0.95,1,Fantasy,35,11
EPCOT,47,3,0,91,1.8,1,2,229.49,15,0.82,1,Frontier,9,11
Animal Kingdom,51,4,1,92,10.8,0,2,206.28,44,0.58,1,Liberty Square,6,54
EPCOT,20,2,0,88,3.8,0,1,49.42,23,0.87,1,Adventure,8,30
Magic Kingdom,31,3,0,97,1.5,1,6,205.81,33,0.89,1,Liberty Square,32,39
EPCOT,55,5,0,100,2.6,0,1,234.1,51,0.74,1,Main Street,5,44
Hollywood Studios,35,4,0,87,11.7,1,3,194.81,48,0.72,0,Frontier,2,4
Magic Kingdom,39,4,0,82,2.6,0,1,174.78,32,0.63,1,Frontier,7,13
Magic Kingdom,5,3,0,87,1.9,1,5,249.62,29,0.86,1,Main Street,27,3
Magic Kingdom,15,3,0,93,6.7,0,0,125.87,23,0.7,1,Fantasy,3,6
EPCOT,37,4,0,84,2,0,3,133.95,35,0.79,1,Frontier,9,35
EPCOT,44,2,1,95,10.7,0,4,231.03,41,0.57,1,Frontier,6,31
EPCOT,70,2,0,100,1.4,1,1,274.24,28,0.75,1,Adventure,7,4
EPCOT,17,2,1,90,3.9,1,2,246.81,24,0.72,1,Adventure,6,13
EPCOT,38,4,0,81,3.4,1,6,243.36,33,0.82,1,Frontier,29,3
Magic Kingdom,56,2,1,89,2,1,5,140.58,26,0.84,1,Frontier,15,32
EPCOT,56,1,0,88,1.3,0,4,249.99,23,0.72,1,Frontier,27,22
Animal Kingdom,23,2,0,101,5.1,0,0,46.01,27,0.43,1,Frontier,1,23
Magic Kingdom,26,5,1,79,6.5,0,1,220.59,97,0.3,1,Frontier,3,30
Magic Kingdom,34,1,0,75,1.8,1,2,166.5,16,0.69,1,Frontier,11,9
EPCOT,85,5,1,91,1.8,1,3,212.87,60,0.64,1,Fantasy,12,12
Magic Kingdom,32,2,0,89,10,0,2,207.42,30,0.71,1,Tomorrow,5,6
Animal Kingdom,6,4,0,90,2,0,3,199.21,23,0.71,1,Adventure,13,30
Hollywood Studios,5,6,1,80,3.3,1,5,200.54,43,0.82,1,Frontier,18,11
EPCOT,27,2,1,81,3.1,0,1,218.11,30,0.65,1,Fantasy,5,26
Hollywood Studios,19,6,1,89,2.4,1,4,251.16,116,0.57,1,Liberty Square,18,52
Magic Kingdom,39,3,1,92,5.5,1,3,207.32,35,0.56,1,Main Street,4,9
EPCOT,58,2,0,82,4.1,1,4,155.58,23,0.8,0,Fantasy,14,24
Magic Kingdom,40,1,0,93,1.6,0,1,147.13,24,0.77,0,Adventure,4,3
EPCOT,22,1,1,81,1.5,1,4,142.35,35,0.8,1,Frontier,20,14
EPCOT,16,3,0,91,5,1,2,212.12,43,0.77,1,Fantasy,7,31
Magic Kingdom,37,3,1,94,1.8,1,2,266.55,49,0.78,0,Frontier,7,85
Animal Kingdom,65,2,0,83,3,0,1,157.11,19,0.69,1,Fantasy,3,1
Magic Kingdom,19,5,0,95,1.2,0,3,184.2,56,0.66,1,Liberty Square,12,11
Magic Kingdom,48,5,1,84,4.3,0,1,209.68,124,0.42,0,Fantasy,4,42
Magic Kingdom,51,4,0,99,10,1,5,165.63,64,0.43,1,Frontier,8,32
Hollywood Studios,21,2,1,92,7.4,0,2,169.54,53,0.62,1,Liberty Square,4,2
EPCOT,36,1,0,86,1.1,1,2,281.24,37,0.85,1,Frontier,9,20
Magic Kingdom,11,5,1,81,1.7,1,3,214.5,85,0.66,1,Adventure,11,26
EPCOT,34,3,0,86,3.7,1,5,128.82,41,0.87,1,Adventure,28,23
Magic Kingdom,65,3,0,100,0.8,0,3,219.61,39,0.77,1,Fantasy,8,19
Magic Kingdom,5,3,0,79,11,1,5,123.45,7,0.75,1,Liberty Square,5,7
Animal Kingdom,17,3,1,88,2.2,1,4,168.82,30,0.92,0,Adventure,11,23
Magic Kingdom,47,2,0,74,0.6,1,2,250.82,16,0.84,0,Main Street,8,8
Animal Kingdom,64,3,0,87,0.6,1,1,159.64,31,0.74,1,Frontier,4,17
EPCOT,52,1,0,76,3.6,1,8,11.37,6,0.91,1,Adventure,57,3
EPCOT,31,5,0,84,1.7,0,1,193.81,45,0.8,1,Tomorrow,9,12
Animal Kingdom,26,2,1,86,1,1,2,65.88,16,0.67,1,Main Street,9,23
EPCOT,25,3,0,95,3.3,0,1,198.69,66,0.29,1,Fantasy,3,79
Animal Kingdom,50,2,0,81,5.2,1,2,165.27,18,0.8,1,Frontier,5,12
Hollywood Studios,46,3,0,89,16.8,1,5,176.81,29,0.78,1,Fantasy,4,1
Animal Kingdom,55,4,0,79,9.1,1,4,169.8,26,0.46,1,Tomorrow,10,32
Hollywood Studios,42,3,1,81,9.3,1,3,141.79,15,0.85,1,Frontier,9,15
Hollywood Studios,59,2,0,89,6.6,0,4,144.9,34,0.72,1,Fantasy,7,0
Magic Kingdom,9,2,0,82,0.5,0,4,155.07,27,0.93,1,Frontier,15,1
Magic Kingdom,32,7,0,94,1.3,1,0,277.6,118,0.42,1,Frontier,7,5
Magic Kingdom,24,3,1,87,6.4,0,2,146.29,58,0.35,0,Adventure,6,94
Magic Kingdom,28,1,0,82,0.2,0,2,230.69,38,0.76,1,Fantasy,12,11
Hollywood Studios,52,5,0,86,10.8,1,2,192.74,36,0.79,1,Frontier,3,32
Animal Kingdom,5,2,0,89,2.3,0,2,163.44,15,0.82,1,Adventure,6,36
Magic Kingdom,58,1,1,93,0.4,1,1,212.09,38,0.88,1,Frontier,8,22
Magic Kingdom,12,5,0,93,0.3,1,2,291.66,139,0.55,1,Fantasy,11,115
Hollywood Studios,32,2,0,92,1.4,0,2,240.38,21,0.79,1,Fantasy,7,7
Animal Kingdom,39,4,0,96,11.6,0,2,112.49,31,0.65,1,Frontier,0,13
Animal Kingdom,50,3,1,99,4.6,1,1,92.24,61,0.45,0,Fantasy,5,8
EPCOT,66,5,0,83,1.3,1,2,213.36,31,0.7,1,Frontier,10,35
Magic Kingdom,54,6,1,90,2.6,0,5,251.24,56,0.69,1,Frontier,25,59
EPCOT,44,2,1,90,10.8,0,3,145.89,41,0.51,0,Main Street,3,18
Animal Kingdom,38,7,1,85,2.9,0,0,303.53,63,0.43,1,Tomorrow,0,101
EPCOT,33,3,0,87,3.1,1,0,132.41,30,0.66,1,Main Street,9,33
EPCOT,25,3,0,99,2.5,0,1,195.03,27,0.93,1,Frontier,3,11
Hollywood Studios,14,3,1,97,6.6,0,0,128.38,50,0.56,0,Frontier,4,47
Magic Kingdom,54,1,1,86,3.2,0,2,198.95,25,0.76,1,Adventure,7,11
Magic Kingdom,42,2,0,74,4.9,0,3,194.83,24,0.63,0,Tomorrow,11,3
EPCOT,36,1,0,91,1.8,1,6,194.09,38,0.66,1,Frontier,29,1
Magic Kingdom,10,1,0,83,1.1,1,3,95.48,39,0.87,0,Adventure,8,8
Magic Kingdom,29,6,1,89,6.6,0,1,160.04,76,0.63,0,Frontier,7,30
Hollywood Studios,47,2,0,88,1.6,1,1,240.81,14,0.76,1,Main Street,6,23
EPCOT,24,5,1,97,0.9,0,2,294.92,96,0.48,1,Adventure,14,41
Hollywood Studios,48,4,1,95,9.3,1,4,295.03,61,0.55,1,Adventure,7,20
Animal Kingdom,28,4,0,96,2.2,1,4,224.24,58,0.76,1,Liberty Square,10,19
Animal Kingdom,20,6,0,91,13.7,0,2,119.1,54,0.55,0,Main Street,2,16
EPCOT,27,2,0,88,2.2,1,7,239.55,43,0.83,1,Adventure,42,3
Hollywood Studios,28,5,0,96,9.5,0,4,265.09,79,0.44,0,Tomorrow,9,25
Animal Kingdom,32,2,0,80,4.2,1,2,74.54,63,0.81,1,Adventure,6,6
Magic Kingdom,55,4,1,88,0.9,1,5,209.22,30,0.77,1,Frontier,30,10
Hollywood Studios,6,2,0,90,4.3,1,4,75.06,27,0.91,1,Frontier,14,76
Hollywood Studios,37,1,1,94,2,1,4,313.16,39,0.72,1,Frontier,17,1
Magic Kingdom,13,4,0,77,3.2,0,0,356.11,23,0.73,1,Adventure,3,2
Animal Kingdom,32,4,0,83,3.8,1,9,298.28,32,0.78,1,Adventure,63,4
Hollywood Studios,35,1,0,93,1.9,0,2,158.45,19,0.8,1,Adventure,12,3
Magic Kingdom,38,1,0,91,6,1,1,133.01,11,0.77,1,Frontier,4,10
Hollywood Studios,14,2,1,75,1.8,1,5,176.88,26,0.83,1,Fantasy,25,2
Hollywood Studios,10,4,1,93,1,0,4,249.49,41,0.71,1,Frontier,18,5
Magic Kingdom,29,1,0,87,0.7,0,4,137.37,30,0.82,0,Liberty Square,14,5
Animal Kingdom,30,5,1,85,2.5,1,4,209.99,45,0.74,1,Adventure,11,4
Animal Kingdom,5,5,1,85,0.9,1,3,168.98,19,0.89,1,Adventure,13,8
Magic Kingdom,7,1,0,89,4,1,5,123.19,15,0.87,1,Fantasy,18,1
Magic Kingdom,42,4,0,89,4.6,1,3,210.02,27,0.77,1,Frontier,11,8
Hollywood Studios,24,7,1,91,3.4,1,2,284.52,124,0.48,0,Liberty Square,5,74
EPCOT,32,6,1,90,2.3,0,4,263.36,55,0.62,1,Fantasy,20,29
Hollywood Studios,48,2,1,91,1.9,0,2,136.92,34,0.79,1,Frontier,12,26
Magic Kingdom,50,2,1,70,3.4,0,2,189.44,28,0.54,1,Liberty Square,4,13
Hollywood Studios,31,2,0,87,1.4,1,4,146.81,16,0.81,1,Main Street,16,8
Magic Kingdom,28,3,0,79,10.9,0,1,192.08,56,0.43,0,Main Street,2,2
Hollywood Studios,8,2,1,77,3.9,0,0,159.82,20,0.85,1,Frontier,2,12
Magic Kingdom,65,4,0,93,3.1,1,5,245.04,65,0.81,1,Adventure,17,0
Animal Kingdom,31,1,1,89,5.9,1,2,131.26,40,0.8,1,Frontier,7,10
Magic Kingdom,18,6,0,89,0.5,0,2,231.08,34,0.86,1,Fantasy,11,14
Magic Kingdom,23,2,1,85,5.9,0,1,204.94,49,0.68,1,Frontier,3,10
Animal Kingdom,50,1,0,76,2.3,0,3,171.92,8,0.73,1,Adventure,8,26
Hollywood Studios,22,3,0,85,0.4,1,5,173.12,15,0.88,0,Fantasy,26,12
Hollywood Studios,60,3,1,90,0.6,0,1,171.6,10,0.81,1,Main Street,5,105
Animal Kingdom,20,1,0,90,2.5,0,4,111.01,18,0.71,1,Adventure,14,20
Hollywood Studios,37,7,0,86,2.9,0,5,231.38,45,0.87,1,Tomorrow,22,9
Magic Kingdom,29,2,0,82,8.1,1,3,206.64,15,0.68,0,Tomorrow,5,9
Animal Kingdom,24,2,0,86,6.5,0,5,127.18,6,0.89,1,Fantasy,6,21
Animal Kingdom,19,4,0,95,8.4,0,1,128.07,29,0.52,1,Liberty Square,1,59
Hollywood Studios,35,6,0,76,2.9,0,3,244.29,36,0.67,1,Frontier,10,44
Hollywood Studios,47,3,1,85,8.7,1,2,148.41,17,0.7,1,Liberty Square,2,11
Magic Kingdom,44,3,0,83,0.4,0,2,168.46,43,0.76,1,Frontier,9,16
Magic Kingdom,8,1,0,93,5.6,0,0,172.86,11,0.74,1,Fantasy,2,26
Animal Kingdom,43,7,1,85,1.1,1,5,267.91,98,0.5,1,Adventure,22,9
Hollywood Studios,20,2,1,97,1.4,0,0,242.28,41,0.55,0,Liberty Square,6,0
EPCOT,23,5,0,81,7.1,1,3,239.2,44,0.79,1,Frontier,14,14
Hollywood Studios,6,3,1,71,0.4,1,3,191.52,22,0.91,1,Fantasy,12,1
Magic Kingdom,31,5,1,96,1.1,0,0,178.14,89,0.39,1,Frontier,8,38
Hollywood Studios,17,3,1,86,3.2,1,0,204.98,37,0.57,0,Adventure,5,32
Animal Kingdom,32,2,0,87,3.5,0,4,91.86,9,0.73,1,Adventure,5,5
Magic Kingdom,47,1,0,82,5.1,1,2,264.12,16,0.62,1,Main Street,7,19
Animal Kingdom,32,2,1,86,2.2,1,6,276.06,18,0.85,1,Fantasy,24,2
Magic Kingdom,13,6,0,84,12.3,0,1,244.89,44,0.53,0,Adventure,2,41
EPCOT,53,5,0,78,3.4,0,1,287.88,45,0.61,0,Tomorrow,7,77
Magic Kingdom,25,1,0,75,1.4,0,1,164.28,22,0.8,1,Adventure,6,2
Magic Kingdom,28,3,1,81,7.9,1,4,268.38,58,0.58,1,Frontier,11,0
Hollywood Studios,27,3,0,96,11.6,1,2,241.96,28,0.55,1,Adventure,1,2
Hollywood Studios,36,5,0,79,1.3,1,3,164.24,25,0.83,1,Tomorrow,14,5
Hollywood Studios,5,4,0,87,7.3,1,5,181.29,62,0.69,0,Tomorrow,11,9
Magic Kingdom,39,2,1,86,1.1,1,3,62.12,53,0.76,1,Frontier,17,16
Hollywood Studios,58,1,1,85,2.5,1,2,128.32,10,0.87,1,Frontier,6,24
Hollywood Studios,32,4,0,92,1.7,1,3,217,55,0.75,1,Adventure,19,8
Magic Kingdom,27,2,1,89,8.3,0,2,112.24,45,0.63,1,Liberty Square,2,38
Animal Kingdom,31,4,1,95,1.7,0,0,189.82,15,0.75,1,Main Street,3,2
Hollywood Studios,32,4,0,98,10.2,1,0,186.89,13,0.56,1,Adventure,2,1
Animal Kingdom,29,4,0,79,0.9,1,6,285.67,26,0.87,1,Liberty Square,24,4
EPCOT,23,3,0,76,1.6,1,7,290.06,56,0.91,1,Frontier,35,49
Magic Kingdom,51,2,0,76,3.8,1,1,290.65,23,0.74,1,Adventure,7,10
Animal Kingdom,62,3,0,76,2,0,0,177.8,43,0.54,1,Fantasy,5,0
Animal Kingdom,55,2,0,88,4.4,1,4,123.12,18,0.9,1,Frontier,18,21
Magic Kingdom,54,2,1,92,1.4,0,1,127.67,18,0.69,1,Fantasy,8,24
Hollywood Studios,36,4,1,92,0.8,0,1,185.06,40,0.43,0,Frontier,8,49
Magic Kingdom,34,2,1,83,8.6,1,4,170.04,42,0.78,0,Tomorrow,10,4
EPCOT,59,6,0,79,10.3,0,4,292.19,64,0.62,1,Frontier,7,3
EPCOT,16,6,0,87,7.5,1,1,266.4,51,0.66,0,Tomorrow,2,15
EPCOT,13,1,0,90,5.5,1,4,150.11,58,0.89,1,Main Street,10,3
Animal Kingdom,40,7,1,93,8.1,0,4,242.59,36,0.47,0,Main Street,7,13
Hollywood Studios,21,6,1,97,4.1,1,5,289.12,67,0.54,1,Frontier,22,65
EPCOT,40,6,0,92,4.9,1,4,339.61,29,0.75,1,Adventure,10,40
EPCOT,38,4,1,92,21.8,1,4,194.36,48,0.53,0,Frontier,1,27
Animal Kingdom,29,1,0,84,2.5,0,5,88.07,28,0.62,1,Adventure,17,31
Magic Kingdom,34,1,0,78,2.6,1,1,208.78,18,0.87,0,Main Street,6,14
Animal Kingdom,35,1,1,107,7.5,1,3,197.8,24,0.71,0,Adventure,9,11
Magic Kingdom,61,3,0,87,5.1,1,1,138.3,19,0.73,0,Main Street,6,19
Hollywood Studios,17,2,0,92,0.6,1,3,151.64,24,0.83,1,Frontier,11,5
Magic Kingdom,32,6,0,74,0.1,0,2,209.43,36,0.74,1,Frontier,6,92
EPCOT,40,2,0,82,4.2,1,4,198.56,23,0.94,1,Adventure,12,68
Magic Kingdom,38,2,0,90,3.8,0,2,107.09,61,0.85,1,Fantasy,4,16
EPCOT,31,1,0,99,5,1,2,258.56,34,0.64,1,Liberty Square,4,2
Magic Kingdom,24,4,0,76,8,0,2,119.13,39,0.75,1,Adventure,5,3
Hollywood Studios,5,4,0,95,3.9,0,1,147.76,34,0.57,0,Adventure,3,15
Magic Kingdom,31,1,0,85,6.8,1,1,82.7,19,0.76,1,Liberty Square,4,3
Animal Kingdom,23,1,0,96,3,1,0,179.79,10,0.94,1,Adventure,5,13
Animal Kingdom,36,3,0,86,13,1,6,97.8,18,0.75,1,Tomorrow,9,8
Magic Kingdom,39,2,1,90,1.4,1,4,238.59,38,0.74,1,Main Street,13,56
Magic Kingdom,32,2,0,93,1.3,1,2,267.85,51,0.65,1,Frontier,3,5
EPCOT,38,2,0,93,1.1,1,1,91.86,44,0.81,1,Adventure,3,7
Hollywood Studios,74,4,0,72,4,0,4,209.19,11,0.8,1,Frontier,11,8
Magic Kingdom,30,1,0,90,0,1,4,206.93,28,0.9,1,Frontier,26,10
Magic Kingdom,33,3,1,70,0.5,0,4,220.68,30,0.68,1,Liberty Square,16,12
Magic Kingdom,43,2,0,83,0.5,0,3,223.91,38,0.75,1,Adventure,23,5
Hollywood Studios,19,1,1,87,2.1,0,1,123.38,28,0.72,0,Frontier,2,4
EPCOT,29,2,0,89,5.8,1,4,181.97,30,0.62,0,Frontier,12,9
EPCOT,32,3,1,85,0.7,0,0,168.15,62,0.69,1,Main Street,6,24
EPCOT,24,1,0,93,6.7,1,6,187.47,32,0.98,1,Main Street,18,7
Magic Kingdom,52,1,1,84,10.5,0,1,114.06,19,0.69,1,Main Street,5,24
EPCOT,49,4,1,89,3.6,0,2,101.16,42,0.71,0,Tomorrow,4,69
EPCOT,41,2,0,90,11.9,1,1,137.83,47,0.7,1,Liberty Square,2,7
Magic Kingdom,19,1,1,71,6.1,0,1,133.14,51,0.49,1,Fantasy,3,5
EPCOT,28,2,1,98,0.6,1,1,299.13,24,0.9,1,Main Street,7,35
Hollywood Studios,40,1,1,72,7.3,1,1,183.9,36,0.78,1,Adventure,6,3
Magic Kingdom,18,1,0,88,4,1,1,186.39,42,0.74,1,Fantasy,8,11
Animal Kingdom,48,1,0,89,0.8,0,2,157.55,17,0.87,1,Tomorrow,7,11
EPCOT,36,3,1,96,3.2,1,3,296.89,50,0.82,1,Adventure,8,3
Animal Kingdom,52,2,1,84,2.9,1,8,171.36,32,0.83,1,Adventure,35,18
EPCOT,40,4,0,96,5,0,2,207.45,47,0.69,1,Frontier,4,10
Magic Kingdom,39,2,0,84,0.4,0,1,180.85,18,0.69,1,Frontier,12,20
Magic Kingdom,74,4,1,84,2.5,1,4,238.83,49,0.62,1,Main Street,14,4
EPCOT,36,8,1,85,1.1,0,2,267.07,65,0.65,0,Tomorrow,8,7
Magic Kingdom,50,2,0,92,3.1,0,0,160.74,36,0.76,0,Adventure,3,0
Magic Kingdom,28,2,1,86,0.7,1,4,294.62,46,0.89,1,Frontier,17,18
EPCOT,48,2,0,101,6,0,4,96.9,25,0.81,0,Adventure,11,22
Animal Kingdom,38,1,1,82,2.8,1,3,143.21,38,0.78,1,Liberty Square,15,10
EPCOT,30,5,1,92,3.4,1,4,78.54,37,0.76,1,Fantasy,15,11
Hollywood Studios,32,2,1,79,1.2,1,2,225.77,15,0.52,1,Liberty Square,16,2
Magic Kingdom,41,2,0,84,4.6,0,1,221.14,20,0.72,1,Liberty Square,7,1
Hollywood Studios,27,3,0,80,5.3,0,3,50.92,28,0.61,1,Main Street,6,7
Magic Kingdom,25,2,0,84,9.2,1,3,165.38,42,0.79,1,Adventure,4,2
Magic Kingdom,54,6,1,88,8,1,5,249.24,55,0.67,0,Adventure,18,28
Magic Kingdom,29,1,1,91,5.7,0,2,82.69,43,0.69,0,Frontier,1,6
Animal Kingdom,40,5,1,94,5.1,1,3,349.66,51,0.77,1,Frontier,13,25
Magic Kingdom,42,1,0,82,0.5,0,2,234.64,46,0.8,1,Fantasy,10,21
Animal Kingdom,13,3,0,84,1.1,0,1,206.73,27,0.83,1,Main Street,7,28
Animal Kingdom,40,1,1,83,4,1,2,203.97,27,0.68,1,Liberty Square,5,1
Animal Kingdom,40,4,0,93,2.8,1,4,163.03,20,0.87,1,Liberty Square,14,1
Magic Kingdom,61,2,1,91,8.2,1,3,126.75,38,0.6,1,Main Street,5,40
Magic Kingdom,45,1,0,83,4.1,0,2,256.63,37,0.73,0,Frontier,9,10
Magic Kingdom,13,2,1,80,2,1,6,141.1,56,0.7,1,Main Street,21,32
EPCOT,65,2,0,82,3.4,0,4,57.95,36,0.95,1,Frontier,14,1
Magic Kingdom,51,2,0,101,11.3,0,5,199.49,50,0.59,0,Frontier,6,12
EPCOT,29,4,0,84,7.9,1,2,200.23,30,0.69,1,Frontier,4,3
Hollywood Studios,30,2,0,90,1.6,1,4,61.9,29,0.87,1,Frontier,17,8
EPCOT,32,3,0,90,7.7,1,9,183.18,30,0.92,1,Liberty Square,45,9
Magic Kingdom,13,1,0,88,4.7,0,3,113.33,45,0.46,1,Liberty Square,9,9
Animal Kingdom,38,3,0,94,4.5,1,3,245.33,22,0.75,1,Tomorrow,4,3
EPCOT,65,4,1,87,1.5,1,1,251.38,39,0.84,1,Frontier,6,11
EPCOT,34,3,1,111,3.9,1,2,340.34,32,0.74,1,Frontier,4,14
Magic Kingdom,41,4,0,84,0.7,1,3,203.23,20,0.72,1,Frontier,12,56
Magic Kingdom,18,4,1,90,0.6,1,1,193.57,57,0.76,1,Frontier,8,23
Magic Kingdom,35,6,1,83,5.8,0,3,190.84,29,0.74,1,Fantasy,5,198
Magic Kingdom,41,1,1,97,6.9,1,5,193,37,0.75,1,Adventure,12,6
Magic Kingdom,43,3,0,91,2.8,0,0,233.6,45,0.54,1,Frontier,3,54
Hollywood Studios,54,3,0,83,1.9,1,2,101.79,32,0.7,1,Fantasy,8,22
Magic Kingdom,44,4,0,76,2.1,1,3,151.07,24,0.82,1,Tomorrow,17,40
Magic Kingdom,58,3,1,90,6.8,1,6,150.91,23,0.94,1,Adventure,13,70
EPCOT,45,2,1,94,5.9,1,4,194.32,7,0.88,1,Liberty Square,12,0
Magic Kingdom,36,7,0,95,4.7,1,0,197.83,61,0.68,1,Fantasy,2,21
EPCOT,44,3,1,91,14,0,0,257.57,39,0.52,1,Liberty Square,3,14
Magic Kingdom,38,2,1,89,1,1,0,154.69,26,0.84,1,Fantasy,7,2
Hollywood Studios,46,6,0,90,3.4,1,7,216.4,20,0.94,0,Liberty Square,29,86
Magic Kingdom,33,4,1,97,7.2,0,3,186,50,0.77,1,Adventure,5,13
Animal Kingdom,28,3,1,89,8,1,3,169.36,82,0.59,1,Frontier,4,10
Animal Kingdom,15,1,1,84,1.8,1,1,267.79,52,0.59,1,Frontier,3,9
Magic Kingdom,26,3,1,88,2.4,0,2,163.84,51,0.74,0,Liberty Square,7,5
EPCOT,21,4,1,80,1,1,5,252.98,20,0.72,0,Adventure,31,20
EPCOT,28,2,0,83,3.5,0,1,142.09,49,0.52,1,Fantasy,1,8
Magic Kingdom,36,2,0,96,6.2,1,3,184.5,46,0.82,1,Adventure,7,15
EPCOT,41,3,0,100,0.5,1,2,200.19,35,0.6,1,Main Street,9,2
Hollywood Studios,29,2,0,101,6.9,0,3,131.31,44,0.81,0,Adventure,7,53
Magic Kingdom,43,4,0,84,1,0,4,150.09,57,0.75,1,Frontier,24,12
Magic Kingdom,59,1,0,85,0.4,1,2,122.92,20,0.82,1,Tomorrow,9,9
Animal Kingdom,67,2,0,82,5.3,1,4,123.68,17,0.7,1,Tomorrow,5,21
Animal Kingdom,26,3,0,92,8.1,1,4,193.17,11,0.64,1,Main Street,4,15
Animal Kingdom,28,3,0,98,8,1,3,194.74,27,0.87,0,Main Street,6,25
Animal Kingdom,51,5,0,77,5.8,1,5,164.7,17,0.67,0,Frontier,13,42
EPCOT,17,3,1,87,3.5,0,1,269.36,26,0.69,1,Frontier,7,36
Magic Kingdom,26,3,0,80,1.2,1,4,207.31,31,0.86,1,Main Street,16,2
Magic Kingdom,17,1,0,90,12.9,1,5,236.02,18,0.7,0,Main Street,11,5
Magic Kingdom,19,1,1,84,1.1,0,2,133,25,0.78,1,Frontier,6,10
EPCOT,42,5,0,95,0.9,1,2,224.47,69,0.69,0,Main Street,11,2
EPCOT,38,1,0,91,4.3,0,3,142.99,46,0.87,1,Frontier,12,6
Animal Kingdom,22,6,0,88,1.4,1,2,182.33,13,0.64,1,Adventure,7,2
EPCOT,30,3,0,90,3.7,0,4,159.37,47,0.66,1,Adventure,11,19
Hollywood Studios,30,3,0,103,0.7,1,5,177.57,30,0.92,1,Fantasy,22,1
EPCOT,48,8,1,89,4,0,0,149.34,160,0.15,1,Frontier,6,131
Animal Kingdom,5,3,1,85,3.9,1,2,200.82,53,0.7,1,Main Street,3,8
Animal Kingdom,31,1,0,88,19,1,2,114.24,25,0.63,0,Adventure,3,1
Magic Kingdom,48,5,0,104,4.2,0,1,199.74,39,0.79,1,Frontier,2,7
Magic Kingdom,36,2,1,90,3.2,0,2,137.62,43,0.79,1,Fantasy,5,8
Hollywood Studios,38,1,0,98,0.3,1,2,147.04,53,0.76,1,Liberty Square,10,16
Magic Kingdom,37,3,1,93,6.9,0,1,156.86,38,0.55,0,Frontier,4,27
Magic Kingdom,14,3,1,82,8.3,1,2,256.89,27,0.62,1,Tomorrow,4,2
Hollywood Studios,44,4,0,100,9.4,1,1,247.9,29,0.51,0,Frontier,2,41
Hollywood Studios,30,3,1,83,2.2,1,3,319.92,29,0.8,1,Adventure,16,29
Magic Kingdom,64,6,1,84,1.3,1,6,314.06,121,0.65,1,Main Street,30,51
Hollywood Studios,5,5,0,95,3.7,0,1,160.5,35,0.79,1,Frontier,1,12
Magic Kingdom,54,3,0,98,1.1,1,0,209.99,57,0.74,1,Tomorrow,7,12
Animal Kingdom,16,5,1,91,12,0,1,191.15,38,0.48,1,Frontier,1,18
Magic Kingdom,58,5,1,87,8.3,1,6,248.89,65,0.8,1,Main Street,12,49
Magic Kingdom,28,1,0,90,4.2,1,6,212.64,13,0.95,1,Tomorrow,24,19
EPCOT,36,2,0,98,6.8,1,4,264.15,50,0.68,0,Fantasy,10,19
EPCOT,38,5,0,91,6.3,0,1,243.55,30,0.54,0,Fantasy,7,31
EPCOT,30,3,0,89,2.2,1,1,161.07,38,0.69,1,Adventure,4,3
Magic Kingdom,35,1,0,90,1,0,1,191.68,35,0.62,1,Liberty Square,4,2
Magic Kingdom,42,1,0,97,1.5,1,3,256,24,0.9,1,Liberty Square,9,8
EPCOT,24,1,1,93,18.3,1,7,188.88,27,0.71,0,Liberty Square,8,11
Animal Kingdom,15,5,0,83,16.2,1,5,266.47,61,0.38,1,Liberty Square,5,24
EPCOT,45,1,0,87,5.5,1,5,166.66,27,0.88,1,Frontier,12,41
Hollywood Studios,68,4,1,80,7.3,0,3,86.02,27,0.67,0,Main Street,9,63
Magic Kingdom,66,4,1,87,9.3,1,5,242.58,38,0.7,0,Main Street,6,15
Animal Kingdom,42,3,0,87,2.9,1,3,295.17,47,0.7,1,Liberty Square,10,2
EPCOT,44,1,0,88,2,0,4,209.96,44,0.77,1,Main Street,7,17
Animal Kingdom,28,3,1,83,8,1,4,111.83,41,0.67,1,Fantasy,6,11
EPCOT,28,4,0,107,1.4,1,7,168.88,56,0.79,1,Adventure,39,12
EPCOT,18,2,1,88,4.8,1,2,210.71,64,0.6,1,Tomorrow,8,27
Animal Kingdom,5,1,1,76,2.9,1,4,143.88,15,0.69,1,Fantasy,11,3
Hollywood Studios,35,4,1,85,7.9,0,6,193.91,75,0.73,1,Adventure,10,30
Magic Kingdom,30,5,0,85,5.4,1,0,120.92,26,0.79,1,Frontier,1,30
EPCOT,48,6,0,83,2,0,1,186.54,51,0.65,1,Tomorrow,5,26
Animal Kingdom,39,2,1,90,2.9,1,5,210.36,35,0.72,1,Fantasy,13,31
EPCOT,23,6,1,96,3,1,4,335.91,47,0.53,1,Frontier,14,100
Animal Kingdom,25,5,1,91,2.6,1,2,219.66,20,0.82,1,Frontier,12,20
Magic Kingdom,20,5,0,83,4.6,1,4,129.47,84,0.53,1,Frontier,11,64
Hollywood Studios,43,1,0,86,5,0,2,31.43,16,0.73,1,Main Street,6,19
Magic Kingdom,49,5,0,87,2.2,1,1,336.52,55,0.63,1,Frontier,14,34
EPCOT,37,6,0,104,7.8,1,4,343.62,48,0.77,1,Main Street,7,5
Magic Kingdom,42,3,0,80,3.9,0,3,285.05,21,0.73,1,Tomorrow,7,5
EPCOT,36,4,0,88,7,1,1,276.17,52,0.54,1,Adventure,9,5
EPCOT,33,2,0,93,1.3,1,3,182.91,57,0.86,1,Main Street,11,9
Animal Kingdom,43,2,0,92,4.5,1,3,234.88,20,0.81,1,Main Street,8,24
Magic Kingdom,48,2,0,86,1.4,1,4,151.87,28,0.64,1,Main Street,17,17
EPCOT,23,6,0,83,6,1,4,214.51,50,0.76,1,Frontier,11,14
EPCOT,28,3,0,89,1.5,1,6,207.28,31,0.89,1,Adventure,38,21
Magic Kingdom,21,3,0,96,6.3,0,1,31.63,17,0.63,1,Frontier,2,39
EPCOT,55,1,0,92,1.9,1,3,32.42,45,0.8,1,Frontier,11,6
EPCOT,20,6,1,98,0.6,1,1,206.67,56,0.84,1,Adventure,8,1
Hollywood Studios,16,1,1,85,8,1,4,87.39,31,0.72,1,Frontier,8,37
EPCOT,33,2,1,90,0.6,1,1,237.32,25,0.85,1,Main Street,5,7
EPCOT,10,4,0,91,0.9,1,4,318.36,28,0.78,0,Main Street,24,8
Magic Kingdom,58,1,0,86,1.6,1,3,185.81,7,0.73,1,Adventure,11,6
Magic Kingdom,30,4,1,85,6.5,1,1,191.84,28,0.81,0,Frontier,3,11
Animal Kingdom,21,2,0,83,3.3,1,2,192.7,15,0.79,1,Tomorrow,4,14
Animal Kingdom,34,6,0,97,2.8,0,2,191.62,51,0.69,1,Liberty Square,9,87
Hollywood Studios,58,3,0,89,1.1,1,2,184.32,31,0.63,1,Liberty Square,8,9
Animal Kingdom,61,3,0,84,1.2,0,3,293.61,17,0.75,1,Fantasy,11,25
Magic Kingdom,28,3,0,83,3,0,3,195.8,26,0.81,1,Frontier,9,6
Hollywood Studios,49,3,1,87,6.8,1,5,131.74,37,0.88,1,Frontier,13,50
Magic Kingdom,16,2,1,89,11.3,1,6,192.07,11,0.87,1,Liberty Square,12,7
Magic Kingdom,56,1,1,95,1.3,1,4,182.58,41,0.84,1,Frontier,17,5
Magic Kingdom,7,3,1,87,4.7,1,4,132.42,24,0.83,1,Main Street,20,52
Magic Kingdom,16,2,0,83,8.7,0,2,185.71,28,0.71,1,Liberty Square,2,53
Magic Kingdom,40,2,0,88,6.8,0,2,244.75,59,0.65,0,Adventure,8,12
EPCOT,21,1,0,96,1.4,1,3,280.74,26,0.83,1,Liberty Square,12,7
EPCOT,13,6,0,83,4.5,1,1,200.75,38,0.57,1,Tomorrow,5,17
Magic Kingdom,18,2,0,87,3.5,1,5,205.67,20,0.77,1,Tomorrow,15,3
Magic Kingdom,25,2,0,82,5.2,0,1,119.73,24,0.67,1,Adventure,7,4
Magic Kingdom,24,2,1,87,1.6,0,2,171.82,24,0.76,1,Liberty Square,8,9
Hollywood Studios,55,2,0,79,6.8,0,1,130.57,23,0.66,1,Frontier,3,10
Hollywood Studios,5,1,1,89,3.4,1,9,72.41,14,0.9,1,Adventure,55,0
EPCOT,32,2,1,88,2.2,0,2,129.48,58,0.64,1,Frontier,9,35
Magic Kingdom,27,3,0,89,3.3,1,3,215.47,58,0.55,0,Frontier,12,29
EPCOT,43,5,0,96,2.8,0,2,127.53,44,0.77,1,Liberty Square,7,25
Magic Kingdom,51,5,0,83,2.5,0,6,186.34,54,0.79,1,Frontier,22,31
Animal Kingdom,17,5,1,75,2.2,1,3,242.86,88,0.75,0,Fantasy,15,59
Magic Kingdom,39,4,0,99,0.3,1,3,155.72,35,0.83,1,Fantasy,7,27
EPCOT,40,4,0,91,10.6,1,1,102.68,35,0.77,1,Main Street,1,45
Magic Kingdom,26,2,0,86,2.9,1,3,253.66,40,0.78,1,Frontier,10,9
Magic Kingdom,56,4,0,85,1.5,1,3,237.13,46,0.84,1,Tomorrow,17,19
Magic Kingdom,78,2,1,83,7.6,1,4,207.78,28,0.85,1,Fantasy,7,30
Magic Kingdom,33,1,0,85,1.4,1,3,205.89,17,0.75,1,Main Street,10,9
EPCOT,41,5,0,77,3.8,0,3,267.74,42,0.62,0,Tomorrow,9,7
Magic Kingdom,35,6,0,93,4.7,1,3,285.96,38,0.69,1,Adventure,17,32
Magic Kingdom,15,5,1,86,2.4,1,6,147.34,46,0.84,1,Liberty Square,26,35
Magic Kingdom,64,3,0,96,7.9,0,2,84.06,18,0.72,1,Frontier,3,2
Magic Kingdom,32,6,1,90,0.7,1,3,314.5,73,0.63,1,Frontier,15,3
Magic Kingdom,28,3,1,93,3.5,0,1,170.19,40,0.8,1,Frontier,6,2
Hollywood Studios,27,2,0,85,2.7,1,3,142.44,17,0.8,0,Fantasy,15,8
Hollywood Studios,54,3,0,86,2.5,0,1,104.17,55,0.54,0,Frontier,2,28
Magic Kingdom,19,1,1,93,10.8,0,5,137.4,14,0.7,1,Frontier,8,4
Animal Kingdom,58,3,1,99,1.9,1,4,197.64,65,0.78,1,Liberty Square,11,25
Magic Kingdom,57,2,1,103,1.5,1,2,142.63,68,0.79,1,Fantasy,12,15
Magic Kingdom,29,2,0,84,2.3,1,9,161.92,11,0.95,1,Adventure,82,0
Animal Kingdom,28,4,1,76,0.2,1,2,247.54,22,0.83,1,Liberty Square,14,43
EPCOT,10,4,0,93,0.3,1,1,155.26,55,0.72,1,Main Street,7,17
Magic Kingdom,53,1,0,78,6.3,0,3,58.73,13,0.86,1,Tomorrow,9,12
Magic Kingdom,38,3,0,91,6.4,1,3,189.46,16,0.86,1,Frontier,8,42
Magic Kingdom,43,2,0,89,2.7,1,3,231.79,35,0.92,1,Tomorrow,9,10
EPCOT,40,4,0,87,1.6,0,2,134.28,40,0.71,1,Frontier,12,8
Magic Kingdom,49,3,1,90,0.4,1,4,315.46,45,0.91,1,Adventure,17,0
Magic Kingdom,26,3,0,89,13.2,1,3,248.13,32,0.48,1,Adventure,1,2
EPCOT,27,2,1,88,2.8,0,1,243.36,42,0.66,1,Fantasy,7,6
EPCOT,26,4,0,94,4.2,1,2,324.8,96,0.49,1,Frontier,5,0
EPCOT,31,1,0,85,4.2,0,5,194.14,30,0.83,1,Adventure,19,26
Magic Kingdom,31,4,0,97,1.2,0,1,195.5,20,0.63,0,Frontier,6,3
EPCOT,51,1,0,93,8.9,0,0,128.53,37,0.64,1,Fantasy,3,11
Magic Kingdom,46,2,0,84,2,0,1,216.18,17,0.79,0,Tomorrow,4,9
Animal Kingdom,29,4,0,94,5.6,0,5,171.67,34,0.7,1,Frontier,12,15
EPCOT,31,2,0,84,6,0,3,95.62,21,0.81,1,Main Street,5,16
Animal Kingdom,32,3,1,78,10.1,1,4,144.14,17,0.7,1,Main Street,6,11
Animal Kingdom,26,2,1,83,3.6,1,3,140.59,11,0.85,1,Adventure,6,1
Hollywood Studios,27,4,0,83,5,0,1,166.38,19,0.73,0,Frontier,3,3
Animal Kingdom,29,4,0,92,1.7,1,4,181.99,58,0.58,1,Main Street,24,10
Magic Kingdom,40,2,1,89,5,0,4,103.11,22,0.86,1,Fantasy,7,24
Magic Kingdom,5,2,0,76,3.3,0,1,114.54,35,0.72,1,Liberty Square,5,15
EPCOT,42,2,1,87,3.4,1,2,240.35,24,0.83,0,Main Street,8,26
Magic Kingdom,21,2,0,90,6.2,1,4,185.32,23,0.65,1,Tomorrow,12,11
Magic Kingdom,5,5,0,90,2.4,1,2,247.86,23,0.85,1,Main Street,6,10
Hollywood Studios,33,4,0,87,0.4,0,5,256.78,27,0.91,1,Frontier,15,45
Magic Kingdom,26,1,0,88,1.1,0,3,179.35,79,0.62,1,Fantasy,15,3
Magic Kingdom,52,3,1,84,8.5,1,7,213.31,31,0.85,1,Adventure,20,13
Hollywood Studios,38,1,0,89,1.8,1,2,251.32,16,0.86,1,Liberty Square,5,32
Magic Kingdom,53,4,1,76,15.2,1,3,225.75,31,0.48,1,Main Street,1,13
Magic Kingdom,39,7,1,82,2.6,1,2,325.4,83,0.38,1,Liberty Square,11,12
Hollywood Studios,34,5,1,78,6.6,1,2,233.58,39,0.68,0,Adventure,5,11
EPCOT,45,2,1,88,2.3,1,2,224.15,50,0.77,1,Main Street,8,14
EPCOT,19,2,1,88,8.5,0,1,241.61,35,0.64,0,Liberty Square,2,19
EPCOT,41,6,1,89,18.3,1,0,234.26,76,0.36,1,Tomorrow,0,20
EPCOT,34,2,1,89,1.6,0,4,197.26,102,0.37,1,Liberty Square,16,0
Animal Kingdom,48,3,0,84,2.8,1,2,55.69,18,0.64,0,Frontier,2,11
Animal Kingdom,61,5,0,84,4,1,4,298.51,78,0.6,1,Fantasy,7,58
Hollywood Studios,12,2,1,96,0,0,2,112.68,24,0.81,1,Tomorrow,9,6
EPCOT,47,4,1,82,2.8,1,7,122.58,33,0.72,0,Frontier,32,6
EPCOT,64,1,1,83,2.3,0,2,92.61,47,0.74,1,Adventure,8,6
EPCOT,8,1,0,92,6.4,0,3,244.24,18,0.64,1,Main Street,6,3
Hollywood Studios,40,2,0,101,4.4,0,2,304.35,41,0.61,1,Frontier,8,15
Magic Kingdom,7,1,1,86,8.4,1,3,197.97,25,0.89,1,Liberty Square,5,0
EPCOT,45,4,0,69,2.7,1,2,277.57,21,0.94,1,Fantasy,13,8
Animal Kingdom,53,5,0,102,2.6,0,1,220.16,44,0.5,0,Frontier,5,6
Magic Kingdom,26,2,1,88,2.4,0,4,195.14,40,0.84,0,Frontier,11,21
